"","Index","Value","Cases","Index","Value","Cases"
"1",3,NA,NA,7908,NA,NA
"2",9,3.64784817043072,4,7917,1.6908258628369,2
"3",10,2.22229673122132,2,7924,2.81691513230338,3
"4",18,2.09757293270523,2,7948,4.04567972982687,4
"5",21,NA,NA,7950,6.2651500300388,6
"6",30,5.77483731619631,6,7955,2.25699043994171,2
"7",31,3.39943174937949,3,7957,NA,NA
"8",37,NA,NA,7959,NA,NA
"9",39,NA,NA,7967,5.90979864623787,6
"10",47,NA,NA,7969,NA,NA
"11",60,NA,NA,7971,4.03455810578718,4
"12",62,NA,NA,7974,NA,NA
"13",63,3.4493408783438,3,7976,NA,NA
"14",64,NA,NA,7986,5.86008827131051,6
"15",68,NA,NA,7987,NA,NA
"16",75,NA,NA,7993,3.86200844412144,4
"17",76,2.35383503242647,2,7996,3.64247797186709,4
"18",83,NA,NA,7998,3.20733643714898,3
"19",87,3.68211607080384,4,8018,3.16641341945471,3
"20",92,5.60786119151149,6,8019,NA,NA
"21",98,2.60031221303178,3,8027,NA,NA
"22",106,NA,NA,8036,NA,NA
"23",107,NA,NA,8040,4.33230850726437,4
"24",113,2.26553578490474,2,8044,3.67794138317723,4
"25",120,3.84456594543053,4,8050,3.16235308272051,3
"26",123,4.71739268242635,5,8052,NA,NA
"27",125,2.91694094429655,3,8054,NA,NA
"28",126,6.16834408525718,6,8057,3.65169765233807,4
"29",128,5.51260371080724,6,8058,4.85014306444066,5
"30",129,2.12212215378883,2,8059,NA,NA
"31",131,NA,NA,8066,3.84217927129359,4
"32",135,NA,NA,8070,5.59385655797757,6
"33",141,4.70923572951844,5,8072,5.32291542784136,5
"34",147,2.77593378037647,3,8078,2.56194519128842,3
"35",148,NA,NA,8079,3.33369966536444,3
"36",151,3.64723312457474,4,8080,4.32492463664874,4
"37",156,2.98048813662989,3,8081,4.49835595395174,4
"38",157,4.3726651061877,4,8088,NA,NA
"39",174,NA,NA,8091,2.31592718208975,2
"40",186,NA,NA,8094,2.31861322763543,2
"41",193,2.13567283914757,2,8095,NA,NA
"42",195,NA,NA,8099,4.93255575823388,5
"43",212,NA,NA,8101,5.02003519752154,5
"44",213,NA,NA,8102,5.2515251286562,5
"45",217,NA,NA,8116,4.85212214552836,5
"46",223,3.92442523981558,4,8125,4.79630797436343,5
"47",226,2.73734691943357,3,8134,NA,NA
"48",228,4.2838396579935,4,8139,NA,NA
"49",230,4.47924611872502,4,8141,4.03868343597706,4
"50",241,2.19402629050663,2,8147,2.70445065794943,3
"51",243,3.61714483193562,4,8158,NA,NA
"52",249,NA,NA,8160,2.39389376198037,2
"53",281,4.45796040597278,4,8165,NA,NA
"54",288,NA,NA,8187,2.11999930103367,2
"55",294,NA,NA,8205,NA,NA
"56",295,1.84220403515529,2,8209,2.7871314679923,3
"57",300,NA,NA,8211,NA,NA
"58",302,3.84467372681449,4,8232,3.60938472613326,4
"59",303,NA,NA,8236,4.01920953291479,4
"60",308,NA,NA,8237,NA,NA
"61",319,NA,NA,8238,6.59444557847113,7
"62",320,NA,NA,8245,4.46439352050677,4
"63",324,NA,NA,8256,NA,NA
"64",331,2.34282223423113,2,8268,NA,NA
"65",343,NA,NA,8269,2.41400418178616,2
"66",347,2.16130359134462,2,8270,NA,NA
"67",348,3.77829656353572,4,8286,2.38556217033616,2
"68",350,4.09532265977463,4,8289,NA,NA
"69",357,NA,NA,8301,3.67619605027536,4
"70",358,3.50545787779924,4,8305,NA,NA
"71",360,NA,NA,8310,2.77792747448791,3
"72",366,3.14127830220384,3,8312,NA,NA
"73",367,2.27576833423952,2,8318,5.07655897214948,5
"74",368,5.09775354697958,5,8321,4.42978224480716,4
"75",376,1.88972079537259,2,8328,NA,NA
"76",380,2.94909948824532,3,8331,NA,NA
"77",388,NA,NA,8334,NA,NA
"78",396,NA,NA,8344,3.87865744568353,4
"79",398,5.63532974157179,6,8345,1.90053346029082,2
"80",403,NA,NA,8352,4.74032056617752,5
"81",410,1.95901826064964,2,8358,NA,NA
"82",412,NA,NA,8359,NA,NA
"83",420,2.24223796761951,2,8360,2.35356932066848,2
"84",434,2.08913202470847,2,8365,3.18509542121736,3
"85",440,2.66662630700372,3,8366,3.28564425637415,3
"86",450,3.3303644066841,3,8369,4.82420456961141,5
"87",453,2.36354305997582,2,8373,NA,NA
"88",464,5.60264937384101,6,8378,3.74586475116761,4
"89",465,NA,NA,8392,3.25609101056965,3
"90",466,5.4329218295854,5,8397,3.09224284642591,3
"91",473,2.0380767762898,2,8399,1.98059325396729,2
"92",476,NA,NA,8400,2.66431816493468,3
"93",478,NA,NA,8405,2.50014851788485,3
"94",479,3.30262665648492,3,8406,NA,NA
"95",493,2.44212197930019,2,8410,NA,NA
"96",497,NA,NA,8413,4.47679791605197,4
"97",503,3.71514901707444,4,8414,NA,NA
"98",504,3.13502849705084,3,8416,NA,NA
"99",505,2.9544355484591,3,8426,2.15553669330675,2
"100",507,NA,NA,8434,4.12695505186918,4
"101",513,2.43920892782584,2,8439,NA,NA
"102",519,NA,NA,8440,NA,NA
"103",521,3.7102190270181,4,8475,4.78444389586318,5
"104",522,3.82840049894607,4,8480,4.97877121905196,5
"105",545,NA,NA,8497,1.85412227966772,2
"106",549,NA,NA,8499,NA,NA
"107",551,NA,NA,8500,3.12561142560054,3
"108",556,NA,NA,8501,3.16088244979148,3
"109",557,6.21740159684363,6,8502,NA,NA
"110",559,NA,NA,8518,4.58282871140961,5
"111",560,NA,NA,8520,3.85062900463258,4
"112",566,3.50301821994016,4,8523,4.01159818225932,4
"113",569,3.8727567057753,4,8525,NA,NA
"114",573,NA,NA,8532,NA,NA
"115",578,NA,NA,8535,2.01501069072945,2
"116",579,NA,NA,8543,NA,NA
"117",582,4.66110958339305,5,8554,NA,NA
"118",596,NA,NA,8560,5.77957148087832,6
"119",598,NA,NA,8561,5.31228475248382,5
"120",599,NA,NA,8563,NA,NA
"121",602,2.65841794215791,3,8566,NA,NA
"122",605,NA,NA,8570,3.7804581935604,4
"123",617,NA,NA,8572,4.1695108574459,4
"124",619,5.54784652698975,6,8582,1.16586707993022,1
"125",630,3.06806229568684,3,8583,NA,NA
"126",634,3.28776781348127,3,8587,NA,NA
"127",643,NA,NA,8592,1.65278057514827,2
"128",645,NA,NA,8593,NA,NA
"129",647,4.04114116560122,4,8607,NA,NA
"130",649,2.83487820559753,3,8609,4.12866108109178,4
"131",656,3.50569321247175,4,8610,NA,NA
"132",657,4.59275455025865,5,8614,NA,NA
"133",658,NA,NA,8616,5.3315974307983,5
"134",667,4.18072776470198,4,8622,5.05261729308688,5
"135",692,NA,NA,8623,3.98061798993737,4
"136",693,4.62609759745706,5,8624,NA,NA
"137",698,NA,NA,8633,6.05452698052876,6
"138",699,3.45776676556319,3,8641,NA,NA
"139",700,NA,NA,8644,NA,NA
"140",704,3.30864831854357,3,8649,3.84399502090413,4
"141",707,NA,NA,8653,2.73177568950597,3
"142",708,3.94814359933121,4,8657,5.54353494659023,6
"143",709,2.65126878991168,3,8658,2.47580896655738,2
"144",713,NA,NA,8663,3.2462719477202,3
"145",714,2.89953748245092,3,8672,1.60812007723707,2
"146",716,1.74761208379421,2,8680,NA,NA
"147",718,3.64273993475412,4,8684,2.45671718037658,2
"148",722,4.1615192644343,4,8687,NA,NA
"149",729,NA,NA,8688,3.9308147379471,4
"150",731,2.26100149296209,2,8690,3.68735440405204,4
"151",733,3.21819885767999,3,8712,NA,NA
"152",746,2.6686190551577,3,8717,3.0318341447557,3
"153",747,3.2615298578192,3,8730,4.83121822574495,5
"154",748,NA,NA,8739,3.34232965793986,3
"155",753,NA,NA,8744,3.91952361222802,4
"156",757,NA,NA,8747,NA,NA
"157",763,3.3957056124992,3,8748,4.62025457811511,5
"158",767,5.06530121964258,5,8751,3.29290447806472,3
"159",774,2.50712212749254,3,8758,3.23860857217547,3
"160",776,NA,NA,8761,NA,NA
"161",788,NA,NA,8763,NA,NA
"162",794,3.61008720589284,4,8764,NA,NA
"163",799,NA,NA,8765,5.46472432645537,5
"164",803,4.56245627119765,5,8773,NA,NA
"165",806,4.44533371514137,4,8780,2.480022855799,2
"166",807,3.40003510721245,3,8781,3.01626754093154,3
"167",811,4.76418184086196,5,8782,NA,NA
"168",816,NA,NA,8785,NA,NA
"169",818,3.20311482522525,3,8786,NA,NA
"170",819,NA,NA,8797,NA,NA
"171",831,4.96140959818272,5,8799,4.65115418439334,5
"172",835,4.82079669306683,5,8807,NA,NA
"173",837,NA,NA,8816,NA,NA
"174",841,NA,NA,8817,4.06494604236772,4
"175",846,NA,NA,8826,NA,NA
"176",856,NA,NA,8833,2.81988317284945,3
"177",861,3.67141806309837,4,8834,NA,NA
"178",862,NA,NA,8835,NA,NA
"179",863,3.06940298254681,3,8840,5.07174962756776,5
"180",865,NA,NA,8843,3.01600697424256,3
"181",871,2.43496846307833,2,8849,3.21548087260256,3
"182",879,NA,NA,8855,2.99784186443137,3
"183",880,2.28767670396577,2,8861,2.03103462766027,2
"184",881,2.97168626895421,3,8862,4.05706364050503,4
"185",885,3.73240367660067,4,8865,NA,NA
"186",887,NA,NA,8868,5.5652071422863,6
"187",892,NA,NA,8870,3.96615904073412,4
"188",898,3.64585991906915,4,8880,NA,NA
"189",900,NA,NA,8885,NA,NA
"190",904,NA,NA,8894,NA,NA
"191",906,5.07583643843193,5,8895,4.91427655273086,5
"192",910,4.1609731688665,4,8899,4.89391513536528,5
"193",912,4.08878423755809,4,8912,NA,NA
"194",913,2.4455917724576,2,8922,2.33882033388228,2
"195",919,5.55127390308798,6,8924,NA,NA
"196",924,NA,NA,8928,3.94484112721469,4
"197",925,2.90318788481116,3,8932,NA,NA
"198",930,3.25958351683697,3,8943,5.28325593701393,5
"199",940,NA,NA,8945,NA,NA
"200",941,3.32825365825997,3,8946,4.1000762943586,4
"201",946,NA,NA,8954,1.78442299698704,2
"202",949,4.96663152350319,5,8958,NA,NA
"203",951,NA,NA,8960,NA,NA
"204",962,3.93297394990613,4,8965,1.44818759394584,1
"205",966,2.09624839347829,2,8966,4.08423100216913,4
"206",967,6.0077273531964,6,8967,1.94583300554472,2
"207",971,NA,NA,8969,3.27676027656651,3
"208",981,3.76691971085806,4,8980,NA,NA
"209",982,NA,NA,8984,NA,NA
"210",983,NA,NA,8985,NA,NA
"211",984,NA,NA,8988,NA,NA
"212",989,2.09035498827464,2,8989,4.13258140989785,4
"213",990,4.14994060472721,4,8995,NA,NA
"214",992,2.60939843657881,3,9004,2.77027806621482,3
"215",995,5.09263000881616,5,9010,NA,NA
"216",996,NA,NA,9012,NA,NA
"217",998,NA,NA,9018,NA,NA
"218",1001,5.16904196158348,5,9036,NA,NA
"219",1007,NA,NA,9037,1.84153201673221,2
"220",1008,NA,NA,9040,NA,NA
"221",1016,2.38017124230347,2,9041,4.76945469700044,5
"222",1022,NA,NA,9044,5.80961259945303,6
"223",1027,4.93124178549623,5,9045,NA,NA
"224",1032,NA,NA,9047,2.16183450688078,2
"225",1033,3.36038283349314,3,9049,NA,NA
"226",1041,4.51911158629082,5,9061,NA,NA
"227",1065,NA,NA,9062,2.39446186018369,2
"228",1074,NA,NA,9076,3.51782845052111,4
"229",1075,NA,NA,9079,2.35220317668377,2
"230",1081,NA,NA,9081,3.8081021075695,4
"231",1094,4.68345401535473,5,9082,3.84717773154755,4
"232",1099,3.27895547878748,3,9089,NA,NA
"233",1105,2.47771905206635,2,9092,3.04773247881462,3
"234",1123,NA,NA,9094,NA,NA
"235",1135,NA,NA,9115,NA,NA
"236",1142,2.15446656178607,2,9117,4.25366496175495,4
"237",1155,2.03715610989689,2,9118,2.88445848998049,3
"238",1169,NA,NA,9120,NA,NA
"239",1176,NA,NA,9124,NA,NA
"240",1178,3.81567333749539,4,9128,NA,NA
"241",1180,3.35966682023594,3,9135,NA,NA
"242",1184,NA,NA,9136,2.40981780253589,2
"243",1185,NA,NA,9138,4.4208117357925,4
"244",1193,NA,NA,9157,NA,NA
"245",1196,NA,NA,9176,NA,NA
"246",1199,NA,NA,9183,NA,NA
"247",1203,2.24296060423858,2,9187,2.85764897118275,3
"248",1205,2.32367402156624,2,9188,NA,NA
"249",1207,2.08658107070719,2,9190,4.52510005296365,5
"250",1208,NA,NA,9197,NA,NA
"251",1212,NA,NA,9200,4.08060275197007,4
"252",1213,NA,NA,9201,NA,NA
"253",1222,NA,NA,9203,NA,NA
"254",1223,NA,NA,9212,3.53356459881391,4
"255",1226,NA,NA,9213,NA,NA
"256",1227,5.41187985999643,5,9214,NA,NA
"257",1229,NA,NA,9217,2.7431923375306,3
"258",1230,NA,NA,9219,3.4062226405212,3
"259",1231,2.64184157116624,3,9220,4.98516811400141,5
"260",1241,NA,NA,9221,5.89791024961517,6
"261",1243,4.66412913840263,5,9237,NA,NA
"262",1244,6.13527154484968,6,9240,3.8004995560627,4
"263",1246,4.82944950474509,5,9241,2.10540663703465,2
"264",1248,2.44175516936402,2,9248,3.40711557782069,3
"265",1249,3.7940186590615,4,9253,6.38032260894955,6
"266",1252,3.36643703920808,3,9259,4.01853501239555,4
"267",1261,3.22100122493353,3,9267,NA,NA
"268",1275,4.20555832363567,4,9271,2.38143374326026,2
"269",1281,NA,NA,9273,NA,NA
"270",1285,NA,NA,9285,5.99524363388059,6
"271",1288,NA,NA,9290,NA,NA
"272",1290,3.47965090018433,3,9291,2.95251294920673,3
"273",1291,NA,NA,9293,NA,NA
"274",1304,3.79059883961552,4,9294,3.76115293164483,4
"275",1305,3.54035526337015,4,9301,3.4396479126249,3
"276",1323,3.8879624285818,4,9302,NA,NA
"277",1342,NA,NA,9312,2.13375922821053,2
"278",1348,NA,NA,9316,3.51358765514654,4
"279",1353,3.52295481426752,4,9319,NA,NA
"280",1363,3.04886760213032,3,9328,4.62701932554627,5
"281",1371,3.26236923906675,3,9331,3.36604730939349,3
"282",1372,NA,NA,9338,NA,NA
"283",1378,NA,NA,9350,2.65457038124782,3
"284",1381,3.82328195023203,4,9356,3.55500755808193,4
"285",1382,4.49743286006749,4,9359,1.79767638321686,2
"286",1393,NA,NA,9362,3.24585107610245,3
"287",1394,5.18292250421758,5,9364,2.63106159732905,3
"288",1398,5.44559085722425,5,9370,3.12697222979327,3
"289",1404,NA,NA,9380,NA,NA
"290",1405,3.39959577905798,3,9386,NA,NA
"291",1419,NA,NA,9394,NA,NA
"292",1421,2.82188221870374,3,9407,3.64776171821947,4
"293",1426,NA,NA,9411,2.85473416302297,3
"294",1431,NA,NA,9422,3.55052597599413,4
"295",1435,NA,NA,9423,NA,NA
"296",1437,NA,NA,9429,NA,NA
"297",1438,NA,NA,9433,NA,NA
"298",1442,NA,NA,9439,NA,NA
"299",1464,NA,NA,9451,4.47873234967814,4
"300",1471,NA,NA,9452,2.99348885406164,3
"301",1473,4.04347718279136,4,9453,NA,NA
"302",1476,3.37734502278915,3,9460,NA,NA
"303",1478,1.98040660573041,2,9465,4.58172965322815,5
"304",1479,3.94303317187899,4,9470,NA,NA
"305",1487,5.45180428660412,5,9476,NA,NA
"306",1492,4.11086501559596,4,9485,3.48272622898285,3
"307",1496,3.32575684554694,3,9486,NA,NA
"308",1497,NA,NA,9488,2.72173003806259,3
"309",1515,NA,NA,9507,5.84832729609538,6
"310",1519,NA,NA,9508,NA,NA
"311",1522,3.09559720483554,3,9517,6.55377994352865,7
"312",1526,3.2971804267475,3,9521,4.77690696598122,5
"313",1537,2.66120423000066,3,9528,3.28897390047455,3
"314",1538,4.77658931876165,5,9532,NA,NA
"315",1540,1.64039005109442,2,9536,2.91685658886688,3
"316",1543,NA,NA,9540,5.20081841418529,5
"317",1548,NA,NA,9542,3.98601619462994,4
"318",1549,NA,NA,9546,4.17695615996636,4
"319",1556,2.90937452998538,3,9548,4.5848833653187,5
"320",1564,NA,NA,9549,NA,NA
"321",1570,4.30607766246702,4,9554,5.6606554821755,6
"322",1577,1.94892390839334,2,9555,3.97192330401814,4
"323",1585,4.71063766756696,5,9558,NA,NA
"324",1590,3.7956295355837,4,9573,NA,NA
"325",1592,NA,NA,9575,5.27908628244364,5
"326",1594,NA,NA,9584,3.0410491231492,3
"327",1596,6.42343934233832,6,9586,NA,NA
"328",1598,5.81487616619421,6,9588,5.14936415900481,5
"329",1603,NA,NA,9591,NA,NA
"330",1607,NA,NA,9592,NA,NA
"331",1612,5.91214142995677,6,9597,NA,NA
"332",1627,4.16743723345164,4,9600,4.22993186408873,4
"333",1629,3.26467652448741,3,9603,NA,NA
"334",1630,NA,NA,9605,2.26818573027595,2
"335",1640,5.75025374019558,6,9614,NA,NA
"336",1641,4.44046313391799,4,9616,NA,NA
"337",1646,3.77799182285838,4,9622,3.61207246233332,4
"338",1662,NA,NA,9624,4.14983520250995,4
"339",1668,NA,NA,9629,NA,NA
"340",1671,NA,NA,9633,NA,NA
"341",1672,4.74737732045448,5,9640,4.38210227881833,4
"342",1673,NA,NA,9644,1.35522614609481,1
"343",1686,4.00812815813675,4,9645,NA,NA
"344",1688,4.25334865889337,4,9646,2.69043025549554,3
"345",1696,4.13812309742269,4,9648,2.78221563067917,3
"346",1701,5.47189313560371,5,9649,NA,NA
"347",1707,NA,NA,9660,3.65132824354008,4
"348",1708,3.24818976855033,3,9664,NA,NA
"349",1713,3.62174485067576,4,9675,NA,NA
"350",1715,NA,NA,9679,2.91075448479814,3
"351",1717,2.64968618050775,3,9680,3.03502970985383,3
"352",1721,3.39012188939811,3,9682,NA,NA
"353",1724,NA,NA,9697,2.72094433402765,3
"354",1725,3.09848205663074,3,9701,4.34912556889276,4
"355",1730,3.68461774083393,4,9704,2.87750804093782,3
"356",1731,4.46067114921121,4,9705,NA,NA
"357",1734,3.16658942841334,3,9707,4.22496822830574,4
"358",1740,2.98728492899175,3,9714,NA,NA
"359",1748,2.62816056353736,3,9718,2.33967066952927,2
"360",1749,3.64820677651683,4,9722,5.22531145077491,5
"361",1750,5.78661338998853,6,9739,2.53511032393912,3
"362",1763,2.83663797930125,3,9747,5.82054339268728,6
"363",1768,4.86229833775633,5,9751,NA,NA
"364",1773,NA,NA,9757,1.87749775607602,2
"365",1777,NA,NA,9759,4.42791697320418,4
"366",1778,NA,NA,9760,NA,NA
"367",1780,3.04102112541037,3,9764,2.59682004049308,3
"368",1782,NA,NA,9776,NA,NA
"369",1784,4.12940383470533,4,9778,2.53054574897832,3
"370",1786,3.59461387192685,4,9786,NA,NA
"371",1787,NA,NA,9803,3.56275970874962,4
"372",1792,NA,NA,9804,NA,NA
"373",1800,NA,NA,9815,4.89659033199487,5
"374",1801,3.11949301244465,3,9824,NA,NA
"375",1803,2.29687052814836,2,9825,NA,NA
"376",1804,4.3336316975777,4,9826,2.83208510796251,3
"377",1807,2.39216521819192,2,9827,3.81005054257988,4
"378",1818,5.33628912950859,5,9833,3.54308196561504,4
"379",1821,3.19170970359366,3,9835,NA,NA
"380",1822,4.75714295853224,5,9860,3.7179701275933,4
"381",1828,2.61485057934584,3,9865,2.87657632124271,3
"382",1833,3.7482957952962,4,9871,4.46476814175794,4
"383",1844,4.34620033310356,4,9874,NA,NA
"384",1847,2.82335280579113,3,9880,2.56430449816604,3
"385",1850,2.42244785357274,2,9882,NA,NA
"386",1854,3.62983581152679,4,9885,2.88047742648541,3
"387",1858,4.60636075444926,5,9888,4.01175583648522,4
"388",1864,4.14851915756834,4,9892,1.89799303144257,2
"389",1867,NA,NA,9893,4.880624021843,5
"390",1876,NA,NA,9896,NA,NA
"391",1880,NA,NA,9902,3.0508579269129,3
"392",1881,NA,NA,9906,3.85421999650069,4
"393",1891,2.84282604800022,3,9910,4.79175811764215,5
"394",1894,NA,NA,9914,NA,NA
"395",1895,3.93555173280096,4,9918,NA,NA
"396",1901,NA,NA,9920,NA,NA
"397",1905,3.84120959730307,4,9926,3.5241129221743,4
"398",1912,5.4099170630346,5,9931,5.13573496336406,5
"399",1918,2.99451606547831,3,9935,3.57512207164477,4
"400",1921,3.81543803499456,4,9945,3.84865342503279,4
"401",1923,2.94104687656783,3,9953,NA,NA
"402",1924,NA,NA,9957,NA,NA
"403",1931,NA,NA,9963,NA,NA
"404",1941,4.72895776583802,5,9972,3.83582275963679,4
"405",1950,NA,NA,9976,NA,NA
"406",1951,4.77216834435126,5,9979,NA,NA
"407",1954,4.27864487927386,4,9980,NA,NA
"408",1961,3.47790874146999,3,9982,NA,NA
"409",1966,NA,NA,9991,NA,NA
"410",1979,4.09896489993968,4,10000,4.35250620651419,4
"411",1982,NA,NA,10003,3.46210727036526,3
"412",1987,2.71138442988237,3,10005,2.00076212569076,2
"413",1997,NA,NA,10014,3.36666309997034,3
"414",2004,4.4895945413487,4,10032,3.1128585022311,3
"415",2011,5.27621517739835,5,10034,NA,NA
"416",2015,3.18748495106232,3,10041,NA,NA
"417",2025,6.32929890113341,6,10042,3.90224939590306,4
"418",2033,NA,NA,10044,5.1300839413646,5
"419",2034,NA,NA,10045,NA,NA
"420",2035,NA,NA,10054,3.62150403309178,4
"421",2036,NA,NA,10061,NA,NA
"422",2053,2.5248721124865,3,10062,NA,NA
"423",2059,NA,NA,10073,NA,NA
"424",2060,NA,NA,10081,NA,NA
"425",2073,NA,NA,10084,NA,NA
"426",2084,2.77496897137868,3,10086,NA,NA
"427",2089,4.54495431003487,5,10093,NA,NA
"428",2092,NA,NA,10101,NA,NA
"429",2109,5.69404348760959,6,10105,4.47372487723992,4
"430",2129,4.22875989759722,4,10110,NA,NA
"431",2134,4.91126811350366,5,10113,2.78679889200755,3
"432",2135,4.66293803196948,5,10115,2.63618713476319,3
"433",2148,NA,NA,10119,3.32462503242599,3
"434",2149,NA,NA,10121,4.29434119013784,4
"435",2150,2.12242604553203,2,10124,NA,NA
"436",2165,2.56877519960293,3,10126,5.77172580898945,6
"437",2166,NA,NA,10127,3.22372277610982,3
"438",2168,NA,NA,10145,3.04486754006782,3
"439",2170,NA,NA,10147,NA,NA
"440",2171,2.17071787824936,2,10148,2.19345523366201,2
"441",2172,2.59058704845673,3,10162,NA,NA
"442",2176,5.11225786868426,5,10163,2.35988877361123,2
"443",2182,3.13014730238062,3,10166,1.88847758971074,2
"444",2189,1.74122360909811,2,10172,3.36538991255819,3
"445",2191,NA,NA,10173,2.04216140980885,2
"446",2197,2.64734085730077,3,10175,1.90920124792931,2
"447",2202,NA,NA,10180,NA,NA
"448",2203,3.29184042396928,3,10186,NA,NA
"449",2204,NA,NA,10192,4.440653471981,4
"450",2206,4.16542198998544,4,10199,3.09009945269655,3
"451",2218,1.79501376731417,2,10209,NA,NA
"452",2219,3.41607825302075,3,10210,6.42227734452525,6
"453",2221,NA,NA,10214,NA,NA
"454",2226,NA,NA,10215,NA,NA
"455",2228,NA,NA,10216,NA,NA
"456",2232,NA,NA,10232,2.72604028374009,3
"457",2236,NA,NA,10239,4.65987146284281,5
"458",2241,2.3939655850294,2,10249,4.28500278683521,4
"459",2245,5.11482574103309,5,10253,5.05495509075499,5
"460",2251,NA,NA,10255,NA,NA
"461",2255,5.20196220469761,5,10262,NA,NA
"462",2256,3.61858963954641,4,10264,2.21168601048649,2
"463",2259,NA,NA,10266,NA,NA
"464",2263,3.49105429864701,3,10268,NA,NA
"465",2264,NA,NA,10271,3.1426089369926,3
"466",2267,NA,NA,10272,5.11080305500298,5
"467",2273,1.69613138497248,2,10276,NA,NA
"468",2277,4.05827071735111,4,10277,2.11802263087039,2
"469",2287,3.96159635891746,4,10279,2.57532518060048,3
"470",2289,3.74931402864572,4,10281,1.59662255800917,2
"471",2291,NA,NA,10285,NA,NA
"472",2296,1.51662148594163,2,10294,NA,NA
"473",2299,NA,NA,10300,2.88175521902383,3
"474",2306,3.21727615125116,3,10304,2.91346319613213,3
"475",2314,NA,NA,10307,NA,NA
"476",2317,2.63171945444377,3,10309,5.08601220761675,5
"477",2318,4.34232294411468,4,10310,NA,NA
"478",2321,4.59873196809038,5,10312,NA,NA
"479",2324,NA,NA,10321,3.33527112417374,3
"480",2340,3.31498090574257,3,10332,NA,NA
"481",2343,NA,NA,10336,3.4346883415057,3
"482",2349,NA,NA,10368,2.69857115273279,3
"483",2352,4.92134322272745,5,10369,4.54697043747276,5
"484",2353,NA,NA,10375,NA,NA
"485",2365,2.1401107300839,2,10376,NA,NA
"486",2370,NA,NA,10379,NA,NA
"487",2378,NA,NA,10380,2.5810984899425,3
"488",2390,NA,NA,10383,NA,NA
"489",2399,NA,NA,10385,5.07862873964308,5
"490",2402,NA,NA,10387,NA,NA
"491",2403,NA,NA,10397,2.52133511108073,3
"492",2404,NA,NA,10412,NA,NA
"493",2414,5.02573869519462,5,10413,NA,NA
"494",2422,3.44923049604733,3,10418,NA,NA
"495",2424,NA,NA,10420,3.32493176769012,3
"496",2430,3.82665870772349,4,10426,3.86188369438002,4
"497",2435,3.23552212871793,3,10427,2.35778961160317,2
"498",2439,NA,NA,10428,3.18037814733739,3
"499",2442,3.82640211729275,4,10430,NA,NA
"500",2445,3.61481096582398,4,10435,NA,NA
"501",2449,NA,NA,10436,NA,NA
"502",2451,NA,NA,10446,6.27040892637595,6
"503",2461,2.87732146492758,3,10448,4.04567420971719,4
"504",2464,NA,NA,10449,4.14502647024789,4
"505",2465,3.75360698620878,4,10463,2.09813209770884,2
"506",2472,NA,NA,10469,1.90562069196913,2
"507",2476,2.2275146057727,2,10470,NA,NA
"508",2482,2.85309247002596,3,10471,NA,NA
"509",2487,5.08729570694423,5,10473,NA,NA
"510",2498,3.93020128094715,4,10476,2.86947998701826,3
"511",2501,NA,NA,10482,2.73677294408745,3
"512",2504,2.32673912728738,2,10500,3.30140313834518,3
"513",2511,NA,NA,10511,5.04614374525248,5
"514",2518,4.97176181730412,5,10512,3.64690143153063,4
"515",2521,NA,NA,10514,3.26611711060411,3
"516",2530,2.95855713969428,3,10515,4.92934339777163,5
"517",2543,4.16720274376754,4,10526,NA,NA
"518",2545,3.61804598988595,4,10546,NA,NA
"519",2561,NA,NA,10549,NA,NA
"520",2566,NA,NA,10553,NA,NA
"521",2572,2.56745210205615,3,10558,1.98128034856986,2
"522",2577,2.97890706831697,3,10575,NA,NA
"523",2578,NA,NA,10581,2.29358309519949,2
"524",2580,2.38243170395518,2,10583,NA,NA
"525",2581,4.90657220166528,5,10584,NA,NA
"526",2582,3.83399295291673,4,10585,NA,NA
"527",2584,NA,NA,10610,NA,NA
"528",2590,4.90878349036261,5,10611,NA,NA
"529",2598,3.01612880209342,3,10616,3.68163329150421,4
"530",2602,NA,NA,10618,2.93501097925407,3
"531",2605,5.01912570966425,5,10628,NA,NA
"532",2616,3.7663918040689,4,10632,NA,NA
"533",2618,3.16446163049539,3,10642,3.4683698250522,3
"534",2619,NA,NA,10648,3.10295875033054,3
"535",2624,NA,NA,10649,3.44062681101965,3
"536",2632,NA,NA,10650,NA,NA
"537",2640,3.76971512837034,4,10654,1.75619219031992,2
"538",2646,4.65987287825594,5,10656,5.01488421966775,5
"539",2651,NA,NA,10661,4.75625724687977,5
"540",2660,NA,NA,10663,NA,NA
"541",2661,4.00626714865647,4,10672,2.76511528804199,3
"542",2668,NA,NA,10678,4.87804033168125,5
"543",2670,NA,NA,10685,NA,NA
"544",2680,2.64807143714904,3,10690,4.75197251440587,5
"545",2681,3.80263463477043,4,10702,3.7404643506988,4
"546",2689,NA,NA,10706,3.15831051619038,3
"547",2694,4.55312617436666,5,10708,2.28215444201224,2
"548",2695,NA,NA,10716,3.2292378527386,3
"549",2696,NA,NA,10717,NA,NA
"550",2702,2.42855416048587,2,10720,4.92985237911252,5
"551",2704,3.23923926664989,3,10729,NA,NA
"552",2708,5.33545248548938,5,10730,5.13526994275229,5
"553",2709,2.42451546507085,2,10745,NA,NA
"554",2714,NA,NA,10753,NA,NA
"555",2716,NA,NA,10754,1.86475011412662,2
"556",2723,NA,NA,10762,2.01472787113602,2
"557",2725,NA,NA,10766,NA,NA
"558",2738,NA,NA,10776,NA,NA
"559",2750,3.69170386872119,4,10783,2.34929405402646,2
"560",2756,NA,NA,10789,2.75093417254513,3
"561",2758,NA,NA,10790,4.67156638503791,5
"562",2766,NA,NA,10797,NA,NA
"563",2767,NA,NA,10807,2.75511893705581,3
"564",2771,2.67603790666076,3,10810,NA,NA
"565",2775,3.41741909875104,3,10817,2.87928205878691,3
"566",2776,NA,NA,10820,2.4450174329253,2
"567",2779,NA,NA,10822,3.30810618328964,3
"568",2780,2.79786699696498,3,10828,3.96173267050821,4
"569",2781,NA,NA,10829,NA,NA
"570",2782,4.84993378406505,5,10830,3.06007972288506,3
"571",2783,3.52170166230497,4,10831,6.34009869997089,6
"572",2796,3.31621690658785,3,10841,5.23283307367875,5
"573",2798,3.71146112734546,4,10847,NA,NA
"574",2800,NA,NA,10856,NA,NA
"575",2803,6.45602513296211,6,10860,NA,NA
"576",2806,NA,NA,10861,NA,NA
"577",2813,3.2518469544547,3,10863,2.67430480439254,3
"578",2818,NA,NA,10875,NA,NA
"579",2821,5.17882673189312,5,10884,4.52018081143076,5
"580",2825,4.68149651563589,5,10895,NA,NA
"581",2829,1.69544689612847,2,10897,2.64002739023722,3
"582",2830,2.78849501166861,3,10898,NA,NA
"583",2833,4.54746761609424,5,10903,NA,NA
"584",2839,NA,NA,10908,NA,NA
"585",2843,5.32512769870772,5,10924,2.23674635211574,2
"586",2846,3.98056602369582,4,10926,1.99631599833718,2
"587",2847,2.93412903740996,3,10927,2.68101781518814,3
"588",2848,NA,NA,10928,2.45816595848019,2
"589",2856,NA,NA,10933,NA,NA
"590",2863,NA,NA,10939,5.96333149311969,6
"591",2867,4.81186904558114,5,10942,3.21534325134806,3
"592",2869,3.54913387617155,4,10945,3.33041369882335,3
"593",2873,4.8677439596435,5,10949,3.73842658930004,4
"594",2874,3.44496812618832,3,10950,2.73656916119809,3
"595",2875,3.22314955528962,3,10958,5.28155684506993,5
"596",2880,NA,NA,10963,3.74052020955177,4
"597",2886,4.19373300144136,4,10967,3.69509330235299,4
"598",2887,NA,NA,10971,NA,NA
"599",2888,2.81136053086984,3,10972,NA,NA
"600",2889,2.18599546192781,2,10974,3.45313397115294,3
"601",2890,NA,NA,10976,5.52809525243645,6
"602",2892,NA,NA,10980,2.58859312539561,3
"603",2901,NA,NA,10991,NA,NA
"604",2902,1.64751557200764,2,10995,NA,NA
"605",2905,1.76327319214002,2,11014,4.9923802934929,5
"606",2917,NA,NA,11017,NA,NA
"607",2922,2.40691299248932,2,11019,4.07016976426551,4
"608",2924,3.35493637748373,3,11022,NA,NA
"609",2930,NA,NA,11030,NA,NA
"610",2931,4.7823398754892,5,11031,3.30847457732581,3
"611",2946,NA,NA,11041,NA,NA
"612",2955,3.83300408379166,4,11042,3.53881432318356,4
"613",2962,NA,NA,11044,NA,NA
"614",2964,NA,NA,11047,NA,NA
"615",2965,NA,NA,11048,NA,NA
"616",2967,4.21817118894211,4,11049,2.86586982669354,3
"617",2970,5.64352013758742,6,11052,2.88396096713708,3
"618",2973,5.59179328684005,6,11058,NA,NA
"619",2974,NA,NA,11069,3.21488282367107,3
"620",2976,NA,NA,11070,NA,NA
"621",2977,NA,NA,11073,NA,NA
"622",2978,NA,NA,11074,NA,NA
"623",2986,4.79171195557112,5,11078,NA,NA
"624",2988,4.89680858834311,5,11079,NA,NA
"625",2989,NA,NA,11085,NA,NA
"626",2995,4.06877055197685,4,11088,3.33221835469533,3
"627",3005,4.69466923547801,5,11106,NA,NA
"628",3011,4.64261885034075,5,11110,NA,NA
"629",3013,2.81856441273163,3,11114,3.9575767173061,4
"630",3019,NA,NA,11118,2.25838559023324,2
"631",3021,2.10697283306581,2,11129,4.29441211262831,4
"632",3022,5.11245115996202,5,11130,3.50021980789168,4
"633",3029,NA,NA,11131,3.30213498917825,3
"634",3037,3.45446737560698,3,11133,NA,NA
"635",3042,2.23240294333459,2,11138,4.44847275381483,4
"636",3043,3.8302354452238,4,11143,3.6220887902065,4
"637",3049,3.54744045406057,4,11146,5.49960193215487,5
"638",3050,6.20429848221728,6,11153,3.7888362155081,4
"639",3053,NA,NA,11162,3.31964234568507,3
"640",3058,NA,NA,11170,6.20933774736546,6
"641",3062,NA,NA,11171,NA,NA
"642",3063,NA,NA,11201,NA,NA
"643",3065,NA,NA,11216,NA,NA
"644",3080,2.54948427055976,3,11219,NA,NA
"645",3088,NA,NA,11222,4.23105914928014,4
"646",3093,NA,NA,11234,NA,NA
"647",3096,NA,NA,11238,3.42771542031846,3
"648",3101,5.92803236193538,6,11244,3.322411351425,3
"649",3103,NA,NA,11246,NA,NA
"650",3107,5.31324769672382,5,11248,NA,NA
"651",3109,4.84785283382448,5,11250,NA,NA
"652",3111,5.90519348448506,6,11256,3.87728772800584,4
"653",3113,4.14892090076162,4,11259,1.8916329317323,2
"654",3116,4.79785105628088,5,11263,NA,NA
"655",3132,NA,NA,11264,NA,NA
"656",3141,5.14142968513232,5,11270,NA,NA
"657",3153,NA,NA,11274,NA,NA
"658",3154,NA,NA,11281,NA,NA
"659",3160,NA,NA,11285,NA,NA
"660",3167,NA,NA,11300,1.68208754522926,2
"661",3170,3.61988052865205,4,11305,2.73016311253569,3
"662",3173,2.22819400026236,2,11317,4.21216524960842,4
"663",3174,4.00707642523414,4,11319,2.19326835681848,2
"664",3177,4.97061756441548,5,11330,NA,NA
"665",3179,NA,NA,11334,4.69539851959531,5
"666",3184,NA,NA,11335,NA,NA
"667",3190,NA,NA,11336,2.64127034321134,3
"668",3193,NA,NA,11356,4.56103705048722,5
"669",3199,4.55178555354317,5,11358,2.72606752117967,3
"670",3201,NA,NA,11360,NA,NA
"671",3202,2.67592797465054,3,11364,NA,NA
"672",3203,2.89152942613961,3,11373,6.21483710512985,6
"673",3206,NA,NA,11379,4.47864328304536,4
"674",3209,3.15446446520165,3,11382,NA,NA
"675",3210,2.0868592952332,2,11383,NA,NA
"676",3217,4.76957579363282,5,11385,4.40951005652303,4
"677",3220,NA,NA,11387,NA,NA
"678",3228,NA,NA,11391,2.67935222715104,3
"679",3232,2.68565790853062,3,11397,2.19873023918284,2
"680",3239,NA,NA,11404,1.64299804766179,2
"681",3243,3.34182771661925,3,11405,NA,NA
"682",3245,2.70856587811765,3,11409,3.67924350082887,4
"683",3246,NA,NA,11419,3.0557575465374,3
"684",3251,5.47432236512293,5,11430,4.78020043998972,5
"685",3253,5.4008129134391,5,11434,5.93691455757189,6
"686",3257,NA,NA,11436,2.10051530462606,2
"687",3260,NA,NA,11440,NA,NA
"688",3261,3.22722704602262,3,11443,NA,NA
"689",3263,5.04859025113982,5,11449,2.98779759603401,3
"690",3278,3.81612035626575,4,11452,NA,NA
"691",3281,3.10501629306372,3,11453,NA,NA
"692",3283,4.8839956754059,5,11456,3.78998427831305,4
"693",3290,1.90199443490921,2,11457,NA,NA
"694",3297,3.28098590316244,3,11459,3.82313031179854,4
"695",3304,3.63320521010988,4,11471,NA,NA
"696",3305,3.41865728189159,3,11476,3.07202247905035,3
"697",3307,4.1604093503469,4,11479,NA,NA
"698",3308,2.75120965309763,3,11481,3.47115846744634,3
"699",3313,2.87292233013169,3,11485,2.79654910859059,3
"700",3314,2.81311487785189,3,11486,NA,NA
"701",3317,NA,NA,11487,2.32941652008896,2
"702",3348,NA,NA,11488,1.79331830265133,2
"703",3350,1.88771591875271,2,11498,NA,NA
"704",3359,4.07771237545186,4,11506,2.56000700847004,3
"705",3367,3.90910690656567,4,11511,NA,NA
"706",3376,2.80334663151287,3,11515,NA,NA
"707",3378,3.7165622280833,4,11518,NA,NA
"708",3384,NA,NA,11521,NA,NA
"709",3386,2.7587127508067,3,11523,NA,NA
"710",3387,NA,NA,11524,NA,NA
"711",3388,2.95043243554132,3,11525,3.43972963316467,3
"712",3390,3.92558174817736,4,11528,NA,NA
"713",3391,NA,NA,11530,2.42766281751837,2
"714",3396,NA,NA,11531,3.11466439903729,3
"715",3398,3.91219797681255,4,11533,2.52389879532115,3
"716",3404,5.89877422517734,6,11535,3.58330453766918,4
"717",3406,NA,NA,11537,3.56263701753827,4
"718",3407,3.28873761425396,3,11538,2.93536742130799,3
"719",3414,4.60668245575401,5,11541,NA,NA
"720",3419,3.32699644333662,3,11548,4.19609177679984,4
"721",3423,NA,NA,11552,2.53871891746686,3
"722",3427,2.79596145107158,3,11558,NA,NA
"723",3432,NA,NA,11560,NA,NA
"724",3434,2.6574056026406,3,11566,NA,NA
"725",3438,NA,NA,11572,NA,NA
"726",3442,NA,NA,11573,5.11786943899377,5
"727",3443,NA,NA,11582,4.29213653006435,4
"728",3448,NA,NA,11586,2.25554954100058,2
"729",3456,3.30679335165677,3,11590,4.02023066650623,4
"730",3464,5.77705574847798,6,11591,2.2956789550836,2
"731",3470,NA,NA,11601,3.88543598823615,4
"732",3475,3.54375751113428,4,11611,NA,NA
"733",3477,NA,NA,11617,NA,NA
"734",3490,NA,NA,11619,3.74748589284968,4
"735",3493,3.66655769555529,4,11624,3.54570836605602,4
"736",3502,NA,NA,11626,6.08966380971486,6
"737",3508,NA,NA,11644,1.99846856125515,2
"738",3516,NA,NA,11652,NA,NA
"739",3517,NA,NA,11656,NA,NA
"740",3525,NA,NA,11658,3.55088179344916,4
"741",3532,3.20688303869504,3,11659,5.15176633930639,5
"742",3535,NA,NA,11663,NA,NA
"743",3536,4.28838114064796,4,11665,NA,NA
"744",3540,3.22259998222337,3,11683,4.65570771772113,5
"745",3547,2.66256580386896,3,11685,NA,NA
"746",3550,4.03871238567686,4,11691,2.65953740401534,3
"747",3557,NA,NA,11694,3.17056546626693,3
"748",3562,NA,NA,11698,NA,NA
"749",3563,3.22966987306535,3,11700,3.438582058524,3
"750",3564,NA,NA,11703,2.13019818630516,2
"751",3570,3.20986957113397,3,11705,2.21729274746141,2
"752",3573,NA,NA,11710,NA,NA
"753",3577,2.7796392028192,3,11711,3.16576105387832,3
"754",3579,NA,NA,11714,NA,NA
"755",3581,NA,NA,11731,NA,NA
"756",3587,3.23505042236918,3,11732,NA,NA
"757",3602,4.29083622827239,4,11742,NA,NA
"758",3609,3.22301255423739,3,11744,3.66689611159214,4
"759",3612,3.64737791761543,4,11745,2.88107108381649,3
"760",3621,2.94237925623881,3,11749,NA,NA
"761",3642,NA,NA,11756,3.02413449469821,3
"762",3647,NA,NA,11761,NA,NA
"763",3649,NA,NA,11762,4.6835621998692,5
"764",3654,NA,NA,11766,4.85082029225383,5
"765",3660,4.1749966746967,4,11767,6.88579253223116,7
"766",3665,NA,NA,11769,2.40825891977419,2
"767",3669,3.35924973116539,3,11770,3.7638669803874,4
"768",3673,3.74654720270594,4,11771,4.22192787642409,4
"769",3675,NA,NA,11777,3.28795270038601,3
"770",3678,3.5718916631819,4,11778,4.93231064502824,5
"771",3680,3.21028425675779,3,11779,NA,NA
"772",3686,5.07399875501878,5,11788,NA,NA
"773",3693,4.02671086319865,4,11790,3.93572967717248,4
"774",3710,2.40324659333102,2,11794,3.5659974028042,4
"775",3713,4.48547774039597,4,11801,NA,NA
"776",3718,NA,NA,11807,NA,NA
"777",3725,3.52254358852919,4,11812,3.98812917815602,4
"778",3726,2.9972246862117,3,11817,NA,NA
"779",3747,2.09965046229821,2,11818,NA,NA
"780",3753,NA,NA,11825,NA,NA
"781",3754,5.77504797909097,6,11828,NA,NA
"782",3760,5.92132909342994,6,11833,4.70247654696002,5
"783",3763,2.15647138085817,2,11837,NA,NA
"784",3765,4.35121861899999,4,11838,NA,NA
"785",3769,NA,NA,11842,NA,NA
"786",3771,3.32116812484453,3,11853,4.45538441570535,4
"787",3784,2.36642456861668,2,11857,NA,NA
"788",3787,NA,NA,11858,1.69989545394755,2
"789",3794,NA,NA,11860,4.92881890702554,5
"790",3796,3.44922644760063,3,11867,NA,NA
"791",3798,4.02102616908062,4,11868,5.61715622319841,6
"792",3809,3.59507064624092,4,11871,NA,NA
"793",3812,5.00669475911694,5,11875,NA,NA
"794",3819,NA,NA,11881,5.40541384062351,5
"795",3828,NA,NA,11890,NA,NA
"796",3831,5.09647508191838,5,11892,NA,NA
"797",3833,3.07353069240438,3,11894,2.91016066633571,3
"798",3837,4.99205400227746,5,11896,NA,NA
"799",3839,NA,NA,11903,3.69371903237925,4
"800",3843,NA,NA,11905,4.30963253871725,4
"801",3846,NA,NA,11907,2.49070345950049,2
"802",3854,4.85103081820306,5,11909,6.2905755124747,6
"803",3861,NA,NA,11911,2.7535179752044,3
"804",3864,3.42809817862016,3,11915,NA,NA
"805",3868,2.70448866153947,3,11918,NA,NA
"806",3869,4.96755220385919,5,11920,5.68758780131933,6
"807",3870,2.62414103379942,3,11923,4.49282855462325,4
"808",3883,2.42206778417079,2,11924,2.83125642394102,3
"809",3886,2.52123485841713,3,11926,1.71843270868524,2
"810",3889,NA,NA,11931,NA,NA
"811",3894,NA,NA,11933,4.52797107242757,5
"812",3907,2.33737230442707,2,11940,4.3852591140622,4
"813",3910,3.74054233017364,4,11951,2.99740819941508,3
"814",3913,NA,NA,11953,2.32627299153004,2
"815",3914,2.85316950846021,3,11973,NA,NA
"816",3921,5.01640068761495,5,11984,NA,NA
"817",3923,NA,NA,11985,NA,NA
"818",3929,2.74105430788618,3,11991,2.50981016800649,3
"819",3931,NA,NA,12002,2.78227777038612,3
"820",3932,5.00279138270918,5,12006,NA,NA
"821",3937,NA,NA,12008,4.87770948441683,5
"822",3943,2.33047348014821,2,12013,NA,NA
"823",3956,4.20601936982378,4,12015,4.43642620895225,4
"824",3957,2.69435517576563,3,12016,4.74312270909286,5
"825",3961,6.14899103088219,6,12023,NA,NA
"826",3971,3.0367294631431,3,12029,NA,NA
"827",4004,NA,NA,12036,NA,NA
"828",4005,2.77764041752503,3,12038,3.24700155043643,3
"829",4006,4.57879091624062,5,12041,NA,NA
"830",4011,2.49136145266007,2,12049,NA,NA
"831",4013,4.69593448538741,5,12050,NA,NA
"832",4014,5.48935638304342,5,12054,3.18375841362743,3
"833",4016,NA,NA,12060,2.93485389118477,3
"834",4017,5.37077417439642,5,12062,5.28841814049414,5
"835",4020,NA,NA,12065,2.34878228810596,2
"836",4022,3.62787781584433,4,12079,NA,NA
"837",4026,NA,NA,12083,NA,NA
"838",4032,NA,NA,12090,4.44169839440641,4
"839",4043,1.95967055733869,2,12091,3.97310954753906,4
"840",4045,2.9811973823967,3,12094,4.59405711738752,5
"841",4048,5.26858755048006,5,12099,3.76152948234801,4
"842",4051,NA,NA,12101,2.79676033722553,3
"843",4052,3.5836687323298,4,12110,2.83113933909074,3
"844",4056,2.86114373668024,3,12116,NA,NA
"845",4059,1.45635699688316,1,12122,4.46842327251166,4
"846",4069,NA,NA,12127,6.4677485939995,6
"847",4074,3.69661529400895,4,12133,3.46510618633375,3
"848",4076,2.5235938214217,3,12142,NA,NA
"849",4077,NA,NA,12147,NA,NA
"850",4079,NA,NA,12156,2.3159481618654,2
"851",4081,NA,NA,12157,4.88062295005587,5
"852",4088,NA,NA,12158,NA,NA
"853",4105,NA,NA,12161,4.40331684580671,4
"854",4125,3.6158032658813,4,12163,4.31242764792197,4
"855",4134,3.05034177487899,3,12166,2.25330103219123,2
"856",4139,1.91470692221132,2,12170,NA,NA
"857",4146,1.94528992599435,2,12174,NA,NA
"858",4149,NA,NA,12183,NA,NA
"859",4151,NA,NA,12188,NA,NA
"860",4155,NA,NA,12189,4.77646853695411,5
"861",4157,2.58061227909318,3,12192,NA,NA
"862",4168,NA,NA,12201,3.6433002200776,4
"863",4170,2.07988235648122,2,12204,NA,NA
"864",4174,2.36072786425974,2,12207,NA,NA
"865",4179,5.0811411796908,5,12208,1.77476915182873,2
"866",4185,4.52831623014413,5,12209,NA,NA
"867",4199,NA,NA,12210,6.27262215031499,6
"868",4205,NA,NA,12217,3.14370162867675,3
"869",4208,NA,NA,12227,NA,NA
"870",4211,2.66384776134224,3,12231,NA,NA
"871",4212,NA,NA,12232,3.66507179382633,4
"872",4215,2.9181314492794,3,12239,5.28912759657898,5
"873",4217,NA,NA,12240,2.0297494969313,2
"874",4219,NA,NA,12251,3.14368767511164,3
"875",4226,4.25486407099506,4,12256,4.05096877193697,4
"876",4227,NA,NA,12261,NA,NA
"877",4229,NA,NA,12263,2.4959229594256,2
"878",4231,1.89254337002172,2,12266,NA,NA
"879",4233,NA,NA,12267,2.78200734137663,3
"880",4237,NA,NA,12268,3.49631633346821,3
"881",4243,3.91033204372266,4,12279,NA,NA
"882",4248,4.74935761817662,5,12280,NA,NA
"883",4255,5.10559049410367,5,12283,2.34627778097886,2
"884",4262,2.41531256748436,2,12284,NA,NA
"885",4266,NA,NA,12285,NA,NA
"886",4268,NA,NA,12286,4.97781103627198,5
"887",4270,NA,NA,12292,4.26610335416133,4
"888",4273,NA,NA,12295,NA,NA
"889",4276,3.78667105667951,4,12301,NA,NA
"890",4277,3.54533982846224,4,12314,2.16740926336165,2
"891",4279,NA,NA,12315,NA,NA
"892",4299,3.57452487400204,4,12318,NA,NA
"893",4313,NA,NA,12332,5.09530958565308,5
"894",4322,NA,NA,12334,NA,NA
"895",4324,NA,NA,12337,3.37593102326785,3
"896",4328,2.87219932066374,3,12338,4.78891848540756,5
"897",4331,2.65398452732196,3,12349,4.85653459112964,5
"898",4335,1.84693238292853,2,12350,4.24042408060491,4
"899",4337,3.40911995861195,3,12359,5.83623063659459,6
"900",4338,NA,NA,12360,5.2639330307277,5
"901",4343,1.45726820799645,1,12373,NA,NA
"902",4347,1.52648445276327,2,12374,NA,NA
"903",4355,NA,NA,12380,3.62142980319085,4
"904",4357,NA,NA,12382,3.30840353095735,3
"905",4359,6.02667596632974,6,12383,3.25333183540336,3
"906",4362,NA,NA,12390,3.86688121652401,4
"907",4368,2.4316748559267,2,12398,4.00460253621731,4
"908",4374,NA,NA,12405,3.76559568090956,4
"909",4375,5.1159977450599,5,12407,2.55686355479417,3
"910",4378,3.37606802487348,3,12410,6.25784110147986,6
"911",4381,NA,NA,12418,5.35785872890347,5
"912",4387,3.90643317097285,4,12421,NA,NA
"913",4400,1.88226799817081,2,12422,2.98974775713818,3
"914",4423,3.59903261257452,4,12439,NA,NA
"915",4424,NA,NA,12444,3.78698973323102,4
"916",4428,4.57812608531592,5,12463,5.90341684007782,6
"917",4433,5.9170022756225,6,12465,NA,NA
"918",4436,NA,NA,12470,NA,NA
"919",4437,NA,NA,12471,3.68555089685964,4
"920",4439,6.09858931354939,6,12480,4.18978003663534,4
"921",4449,3.55240884756515,4,12482,4.54182854493497,5
"922",4456,3.3186770547292,3,12484,2.99668572411561,3
"923",4463,5.69279066790992,6,12487,4.50445887309906,5
"924",4467,NA,NA,12491,NA,NA
"925",4468,NA,NA,12503,NA,NA
"926",4469,2.41770545738551,2,12507,NA,NA
"927",4472,3.98136255564772,4,12526,2.22714846364719,2
"928",4473,4.70034351996696,5,12533,2.76890622934013,3
"929",4476,2.50278735382107,3,12540,NA,NA
"930",4500,2.54896745353834,3,12543,2.29067645026043,2
"931",4509,4.17865723219136,4,12552,NA,NA
"932",4513,NA,NA,12555,5.5214444606135,6
"933",4521,NA,NA,12556,4.30197170400678,4
"934",4527,2.37427822923597,2,12570,4.58064733888837,5
"935",4530,1.48046479824671,1,12579,3.20811638303807,3
"936",4532,2.85081069803551,3,12588,2.19411048281464,2
"937",4533,2.97052058654963,3,12600,NA,NA
"938",4535,NA,NA,12615,5.30762311538558,5
"939",4536,NA,NA,12624,3.68561988533736,4
"940",4542,3.38508268919482,3,12629,NA,NA
"941",4551,2.11154449609424,2,12634,2.40270311001767,2
"942",4554,3.63840075018064,4,12638,NA,NA
"943",4555,1.73326950392266,2,12646,2.61579365997158,3
"944",4564,NA,NA,12650,NA,NA
"945",4572,NA,NA,12665,NA,NA
"946",4573,5.98613217708776,6,12674,NA,NA
"947",4577,NA,NA,12676,NA,NA
"948",4579,NA,NA,12678,NA,NA
"949",4583,NA,NA,12685,2.71695183925351,3
"950",4584,5.92603657279697,6,12690,3.01085203622164,3
"951",4596,3.2816138803134,3,12698,4.27694326826096,4
"952",4599,3.94510625182377,4,12702,3.83323123361771,4
"953",4607,3.67196002795487,4,12704,2.73012880934174,3
"954",4609,NA,NA,12705,2.2554683685233,2
"955",4610,NA,NA,12710,4.21869770383138,4
"956",4616,1.96763644031683,2,12715,4.99565831766208,5
"957",4617,2.65619890817194,3,12720,3.25279530417963,3
"958",4633,4.70596280516715,5,12734,2.11506754006937,2
"959",4638,NA,NA,12744,3.73695856704828,4
"960",4641,NA,NA,12747,NA,NA
"961",4653,6.36695220827272,6,12757,4.80953791298161,5
"962",4655,4.55846238756246,5,12758,NA,NA
"963",4659,NA,NA,12766,NA,NA
"964",4669,NA,NA,12782,3.16220336710832,3
"965",4678,NA,NA,12787,NA,NA
"966",4685,3.83760407033221,4,12799,2.11979343596147,2
"967",4686,NA,NA,12804,4.35064537758666,4
"968",4691,NA,NA,12809,2.7821459985382,3
"969",4695,4.14430527635233,4,12813,3.00705058003942,3
"970",4698,3.72596508174808,4,12816,3.31819698865465,3
"971",4700,5.60729696943261,6,12821,NA,NA
"972",4711,3.4995581061544,3,12826,2.79810380805287,3
"973",4722,NA,NA,12831,3.46655402791772,3
"974",4727,4.24004967916858,4,12832,3.33308669443154,3
"975",4756,6.04156864588107,6,12833,3.30422179106874,3
"976",4762,NA,NA,12835,3.56395887593986,4
"977",4763,NA,NA,12842,NA,NA
"978",4766,5.11205569581279,5,12844,3.68053075887868,4
"979",4770,NA,NA,12847,NA,NA
"980",4784,4.23813859589211,4,12852,NA,NA
"981",4791,2.89859571542016,3,12856,3.5166335515293,4
"982",4795,5.06252817864698,5,12857,2.98970766463437,3
"983",4799,NA,NA,12858,NA,NA
"984",4802,4.47748393112838,4,12861,2.49004313834766,2
"985",4805,3.44106786932096,3,12869,3.61712779974169,4
"986",4814,4.04422889092912,4,12876,3.91207584306634,4
"987",4816,NA,NA,12877,NA,NA
"988",4817,3.76589140530134,4,12879,3.05755832489357,3
"989",4822,2.77465463971997,3,12882,3.86625881586131,4
"990",4827,2.31270096403204,2,12883,NA,NA
"991",4833,NA,NA,12887,2.26444202138139,2
"992",4836,NA,NA,12889,NA,NA
"993",4842,NA,NA,12891,5.36072653936819,5
"994",4844,NA,NA,12894,4.15924394871394,4
"995",4845,2.48858340206664,2,12895,NA,NA
"996",4849,4.60643042741788,5,12899,NA,NA
"997",4850,NA,NA,12905,6.34911942206962,6
"998",4860,4.65436007854438,5,12913,NA,NA
"999",4863,2.29324618364658,2,12916,NA,NA
"1000",4871,3.77255605255328,4,12917,2.68986068578711,3
"1001",4878,3.42245772412375,3,12925,3.96013507702147,4
"1002",4881,2.53107877899524,3,12934,5.29611678175623,5
"1003",4888,NA,NA,12939,4.48901167339809,4
"1004",4900,5.91488986825211,6,12943,NA,NA
"1005",4906,3.31596456677353,3,12950,NA,NA
"1006",4909,NA,NA,12961,NA,NA
"1007",4916,3.75005894619948,4,12963,2.44059816532152,2
"1008",4918,5.53746709574102,6,12973,NA,NA
"1009",4926,NA,NA,12979,3.65540460521543,4
"1010",4928,NA,NA,12980,NA,NA
"1011",4941,2.22080752497913,2,12981,NA,NA
"1012",4946,5.04255961215034,5,12982,2.29781660033555,2
"1013",4949,NA,NA,12992,2.6539111441046,3
"1014",4956,2.53208659199748,3,12994,NA,NA
"1015",4966,4.44542717105275,4,12999,2.64410161665737,3
"1016",4969,2.26788542278032,2,13002,3.71374089421495,4
"1017",4973,3.79641555357574,4,13004,NA,NA
"1018",4978,4.83076562161867,5,13010,NA,NA
"1019",4982,2.66437865928657,3,13013,3.22590539817537,3
"1020",4985,4.10985731356656,4,13015,4.03771815675015,4
"1021",4991,3.04982609938546,3,13019,4.49422015343665,4
"1022",4998,3.19816288882472,3,13030,NA,NA
"1023",5000,2.32471688787715,2,13031,NA,NA
"1024",5004,NA,NA,13036,3.10003641671563,3
"1025",5005,2.04749880726511,2,13037,4.7761352696031,5
"1026",5011,3.92701147277869,4,13042,NA,NA
"1027",5016,NA,NA,13054,2.41054481468405,2
"1028",5018,3.82646054435274,4,13060,NA,NA
"1029",5034,3.76103078179896,4,13072,NA,NA
"1030",5038,NA,NA,13073,NA,NA
"1031",5042,NA,NA,13079,5.12637015888234,5
"1032",5046,2.68155873364656,3,13081,NA,NA
"1033",5051,NA,NA,13086,NA,NA
"1034",5054,NA,NA,13087,3.5896743996984,4
"1035",5057,4.67262288434093,5,13090,NA,NA
"1036",5062,3.60790492095631,4,13098,2.70428098420724,3
"1037",5063,NA,NA,13100,2.60317907825225,3
"1038",5065,NA,NA,13105,NA,NA
"1039",5066,NA,NA,13106,2.81527294557097,3
"1040",5076,2.39369602700131,2,13107,3.53472075956291,4
"1041",5089,3.2558182598648,3,13113,6.41251496839496,6
"1042",5092,2.75541943229878,3,13115,5.04824017975051,5
"1043",5093,4.64643329693269,5,13117,NA,NA
"1044",5094,4.32333424819399,4,13118,NA,NA
"1045",5098,3.58894802968075,4,13121,NA,NA
"1046",5102,3.67968357916461,4,13137,1.68806768150326,2
"1047",5112,4.70321143175827,5,13146,NA,NA
"1048",5117,2.37896082012581,2,13150,NA,NA
"1049",5127,NA,NA,13151,3.62513219282281,4
"1050",5130,2.45076443299438,2,13152,NA,NA
"1051",5131,1.82700348338557,2,13156,NA,NA
"1052",5132,NA,NA,13165,5.86165212434617,6
"1053",5135,NA,NA,13169,3.63321816658751,4
"1054",5136,NA,NA,13178,3.77638352749235,4
"1055",5147,4.33707709524047,4,13180,NA,NA
"1056",5157,3.6611282190443,4,13183,4.49630051538592,4
"1057",5160,1.98329960722732,2,13184,NA,NA
"1058",5165,NA,NA,13188,3.50803799769854,4
"1059",5166,NA,NA,13191,3.62118410902182,4
"1060",5172,2.25920717492683,2,13196,NA,NA
"1061",5173,2.48613049451286,2,13203,NA,NA
"1062",5179,NA,NA,13206,2.34963552672234,2
"1063",5184,5.05985238817477,5,13211,NA,NA
"1064",5187,NA,NA,13219,NA,NA
"1065",5191,2.98031105598638,3,13223,5.1933290167636,5
"1066",5193,NA,NA,13226,3.59820260187853,4
"1067",5194,NA,NA,13228,2.29317114862789,2
"1068",5199,NA,NA,13230,4.22159877164087,4
"1069",5212,NA,NA,13240,3.88719149318868,4
"1070",5213,2.7238399936872,3,13249,5.25619239832603,5
"1071",5224,3.35925603955358,3,13250,NA,NA
"1072",5226,3.70009961795063,4,13256,3.54576364294429,4
"1073",5239,4.72416894360856,5,13261,NA,NA
"1074",5252,NA,NA,13263,2.23869127218876,2
"1075",5264,NA,NA,13268,4.13866292591065,4
"1076",5266,NA,NA,13275,NA,NA
"1077",5271,4.85253995646825,5,13277,NA,NA
"1078",5273,3.74992984071953,4,13283,3.66050223926585,4
"1079",5276,3.18240731670405,3,13284,NA,NA
"1080",5278,4.70007355499901,5,13285,2.31404833156861,2
"1081",5281,1.79443340174339,2,13286,NA,NA
"1082",5283,4.04710689572272,4,13287,NA,NA
"1083",5291,NA,NA,13290,2.71916875594641,3
"1084",5294,5.62895218822374,6,13291,NA,NA
"1085",5296,3.61055247978455,4,13294,4.88934260971697,5
"1086",5297,NA,NA,13295,2.89583412127252,3
"1087",5313,3.64032805159339,4,13303,3.27246158772303,3
"1088",5314,2.60359292050332,3,13306,NA,NA
"1089",5321,NA,NA,13311,4.32091868664542,4
"1090",5325,3.13556810636165,3,13322,NA,NA
"1091",5326,NA,NA,13331,NA,NA
"1092",5328,NA,NA,13337,4.4533172187313,4
"1093",5334,2.66452017648746,3,13344,NA,NA
"1094",5338,3.94297215393438,4,13362,4.44344025154115,4
"1095",5344,1.2738935334705,1,13364,1.98374684767104,2
"1096",5348,NA,NA,13366,NA,NA
"1097",5352,NA,NA,13368,3.3194229808397,3
"1098",5353,3.84743421803593,4,13370,1.87896895247087,2
"1099",5354,NA,NA,13377,4.92655211922203,5
"1100",5361,NA,NA,13378,2.03861652846083,2
"1101",5364,2.80889862594909,3,13388,NA,NA
"1102",5365,3.73429342118976,4,13392,3.91375575428747,4
"1103",5367,NA,NA,13398,4.03986568867882,4
"1104",5379,4.16281361641106,4,13403,NA,NA
"1105",5382,2.9838619873908,3,13404,3.97534844370637,4
"1106",5386,NA,NA,13409,3.62772547364905,4
"1107",5395,3.87454059787372,4,13416,NA,NA
"1108",5410,NA,NA,13422,NA,NA
"1109",5411,2.90856745944095,3,13427,3.48256113608427,3
"1110",5416,4.60087903293041,5,13433,5.19657768126427,5
"1111",5424,3.58503592014404,4,13438,2.55030297083575,3
"1112",5426,2.39182482477182,2,13441,NA,NA
"1113",5428,NA,NA,13449,5.12468533277445,5
"1114",5430,NA,NA,13450,3.08090352741666,3
"1115",5433,NA,NA,13453,2.07478585976155,2
"1116",5437,3.13611393764835,3,13460,2.77021851886662,3
"1117",5440,NA,NA,13461,4.29363325140082,4
"1118",5442,4.87275638088125,5,13465,3.37459685435529,3
"1119",5445,2.81726097070264,3,13468,NA,NA
"1120",5449,NA,NA,13481,3.43838803647938,3
"1121",5452,3.62421111280109,4,13485,1.96450410472398,2
"1122",5460,NA,NA,13487,NA,NA
"1123",5461,1.91428616527602,2,13490,NA,NA
"1124",5465,NA,NA,13493,2.76718540651375,3
"1125",5467,NA,NA,13497,2.28799967961575,2
"1126",5471,4.02918418627063,4,13508,NA,NA
"1127",5474,NA,NA,13516,NA,NA
"1128",5475,NA,NA,13525,3.06317228773636,3
"1129",5480,NA,NA,13533,NA,NA
"1130",5481,3.46944333677298,3,13535,NA,NA
"1131",5484,NA,NA,13538,3.35502881038274,3
"1132",5494,4.72349448071479,5,13545,NA,NA
"1133",5495,NA,NA,13566,4.05101137566795,4
"1134",5497,NA,NA,13581,2.34392692901672,2
"1135",5499,3.14116155999842,3,13584,NA,NA
"1136",5507,NA,NA,13588,NA,NA
"1137",5510,3.12887197606555,3,13596,2.48265007488667,2
"1138",5515,NA,NA,13600,5.60629256427213,6
"1139",5516,1.96315991807885,2,13604,3.41850844580893,3
"1140",5517,NA,NA,13608,2.85907956082661,3
"1141",5524,4.33488201221473,4,13611,2.64208175436192,3
"1142",5530,NA,NA,13612,NA,NA
"1143",5534,2.71831992129114,3,13615,3.52711692689723,4
"1144",5543,NA,NA,13616,4.24134768139084,4
"1145",5545,2.67225091268404,3,13618,3.44270963684842,3
"1146",5558,3.64076934197363,4,13625,NA,NA
"1147",5562,NA,NA,13628,3.92471491902262,4
"1148",5573,6.49095273285747,6,13629,NA,NA
"1149",5581,4.47636776165702,4,13630,5.14661635161549,5
"1150",5583,5.30551309387452,5,13633,3.36313642255863,3
"1151",5587,NA,NA,13637,3.81165279755668,4
"1152",5589,1.81051784666538,2,13640,NA,NA
"1153",5591,5.01350288703104,5,13641,2.17571786699458,2
"1154",5596,2.57076537746827,3,13651,NA,NA
"1155",5606,4.38084746992542,4,13674,3.53231370282327,4
"1156",5608,4.23507410433657,4,13684,3.67443116749371,4
"1157",5611,3.19463049428903,3,13690,NA,NA
"1158",5612,4.1623446234277,4,13707,3.44872982289406,3
"1159",5614,NA,NA,13709,5.14572644711544,5
"1160",5620,3.81980446662841,4,13710,NA,NA
"1161",5623,4.95768652476587,5,13713,4.34604705112681,4
"1162",5624,2.82233062108386,3,13724,NA,NA
"1163",5626,5.01480969886174,5,13725,NA,NA
"1164",5633,NA,NA,13731,2.05054603471465,2
"1165",5635,2.77479267726471,3,13736,1.75174248349549,2
"1166",5640,NA,NA,13740,NA,NA
"1167",5643,NA,NA,13745,NA,NA
"1168",5644,6.03210713138648,6,13748,NA,NA
"1169",5653,5.07560205753514,5,13751,NA,NA
"1170",5663,NA,NA,13758,NA,NA
"1171",5664,4.77702391240844,5,13762,NA,NA
"1172",5667,2.12024213883698,2,13764,4.91165161908799,5
"1173",5671,NA,NA,13765,NA,NA
"1174",5673,3.54881515622947,4,13769,NA,NA
"1175",5676,3.07382393402869,3,13770,2.14382115614968,2
"1176",5678,1.93317426323151,2,13774,5.16873396535792,5
"1177",5698,2.03781589760816,2,13787,2.42823292365233,2
"1178",5700,6.09028540703778,6,13791,1.87084536792812,2
"1179",5705,3.4247540555929,3,13802,1.67009509180425,2
"1180",5706,NA,NA,13807,2.39957396000762,2
"1181",5711,NA,NA,13808,1.67774679129044,2
"1182",5712,4.96560752168054,5,13809,NA,NA
"1183",5716,2.72055869715608,3,13810,NA,NA
"1184",5719,2.79082269747326,3,13822,NA,NA
"1185",5725,NA,NA,13823,3.36823884507022,3
"1186",5728,6.46966492106739,6,13825,3.47516543368503,3
"1187",5734,NA,NA,13826,NA,NA
"1188",5735,4.63964196319022,5,13833,2.95918480237882,3
"1189",5743,2.5299040974638,3,13837,2.82328273820918,3
"1190",5754,NA,NA,13842,3.21384049989421,3
"1191",5755,NA,NA,13846,2.25686273280995,2
"1192",5756,NA,NA,13852,4.34676658704,4
"1193",5766,2.99366950736106,3,13853,NA,NA
"1194",5770,3.641881913034,4,13858,NA,NA
"1195",5774,NA,NA,13860,NA,NA
"1196",5775,2.11817005092361,2,13866,NA,NA
"1197",5776,3.61648770547235,4,13886,NA,NA
"1198",5778,6.04994216042095,6,13887,NA,NA
"1199",5786,2.96925023614257,3,13890,3.45204445240044,3
"1200",5787,3.48997735721333,3,13891,3.44795141741549,3
"1201",5791,4.79599608210634,5,13893,2.02371897515423,2
"1202",5794,NA,NA,13902,5.339839429187,5
"1203",5803,2.99016800955529,3,13903,NA,NA
"1204",5804,NA,NA,13908,3.27625810326933,3
"1205",5808,NA,NA,13912,1.94007795331823,2
"1206",5810,3.50574162573711,4,13924,NA,NA
"1207",5813,3.54545627392138,4,13928,2.43146298448738,2
"1208",5828,3.50097901468111,4,13929,3.24558856241988,3
"1209",5839,6.05790417579644,6,13938,4.13933458594259,4
"1210",5842,4.34280662013243,4,13939,NA,NA
"1211",5843,1.86803324066215,2,13941,4.66750608990259,5
"1212",5844,3.43721623341773,3,13951,2.17300165053093,2
"1213",5847,2.30451870253693,2,13962,NA,NA
"1214",5851,2.11211991875179,2,13964,2.11090856202577,2
"1215",5854,NA,NA,13967,2.92802116891793,3
"1216",5857,NA,NA,13971,4.15779704464007,4
"1217",5866,NA,NA,13972,4.63002963732505,5
"1218",5874,NA,NA,13975,NA,NA
"1219",5886,NA,NA,13977,2.42778071296346,2
"1220",5895,1.558939247015,2,13979,4.68670153126048,5
"1221",5897,2.52992267700438,3,13983,NA,NA
"1222",5898,2.52888604441167,3,13984,2.94843588167597,3
"1223",5900,NA,NA,13987,NA,NA
"1224",5902,NA,NA,13994,NA,NA
"1225",5908,NA,NA,13999,2.68272654341078,3
"1226",5909,3.09543259865949,3,14003,4.85462457296852,5
"1227",5912,6.1693802287495,6,14008,4.2572145808943,4
"1228",5913,NA,NA,14011,NA,NA
"1229",5917,5.51168178212711,6,14012,2.32554440969114,2
"1230",5918,2.73553395224498,3,14016,3.21243714504871,3
"1231",5921,NA,NA,14017,NA,NA
"1232",5931,NA,NA,14020,NA,NA
"1233",5942,3.90748032873064,4,14027,NA,NA
"1234",5943,NA,NA,14038,3.22975589173702,3
"1235",5950,NA,NA,14040,5.07260404714633,5
"1236",5954,NA,NA,14042,2.42681986862174,2
"1237",5983,NA,NA,14055,NA,NA
"1238",5995,NA,NA,14057,4.00015240693466,4
"1239",6002,2.26269496616142,2,14060,NA,NA
"1240",6005,3.7059878574708,4,14081,NA,NA
"1241",6009,5.97465807175175,6,14091,3.75825778074919,4
"1242",6011,NA,NA,14111,3.369091389026,3
"1243",6012,5.32461898258056,5,14117,5.08203601186103,5
"1244",6019,NA,NA,14121,NA,NA
"1245",6021,2.89685970471936,3,14122,NA,NA
"1246",6029,NA,NA,14125,NA,NA
"1247",6036,NA,NA,14129,NA,NA
"1248",6037,2.75757453577748,3,14135,NA,NA
"1249",6038,NA,NA,14148,NA,NA
"1250",6043,1.97629739548634,2,14157,3.68449302035,4
"1251",6045,3.97893670628782,4,14161,NA,NA
"1252",6047,NA,NA,14163,NA,NA
"1253",6048,2.74951715444861,3,14172,NA,NA
"1254",6061,4.05086056734793,4,14180,NA,NA
"1255",6063,2.78983689247493,3,14182,NA,NA
"1256",6064,4.84891949821711,5,14188,NA,NA
"1257",6068,4.64158374283932,5,14191,2.81542305964165,3
"1258",6069,NA,NA,14201,6.20469069361739,6
"1259",6070,3.64070343462162,4,14202,3.5562873772607,4
"1260",6071,5.25220816010433,5,14213,NA,NA
"1261",6074,NA,NA,14220,NA,NA
"1262",6079,3.38246113574681,3,14224,1.89840165819799,2
"1263",6082,NA,NA,14231,NA,NA
"1264",6088,4.70822453455668,5,14241,4.91397542641541,5
"1265",6094,2.39902461668632,2,14243,NA,NA
"1266",6095,NA,NA,14245,2.46955180705515,2
"1267",6098,2.48523456453424,2,14247,NA,NA
"1268",6102,NA,NA,14248,2.62087316883811,3
"1269",6105,NA,NA,14252,2.68447987712362,3
"1270",6113,NA,NA,14254,4.59164301110476,5
"1271",6116,2.53041252745858,3,14260,4.10912896891056,4
"1272",6120,NA,NA,14269,3.80199179832081,4
"1273",6121,2.23195792865682,2,14272,NA,NA
"1274",6126,2.81094160627647,3,14274,3.30589017530821,3
"1275",6144,2.95328970803031,3,14279,2.96644533316659,3
"1276",6145,3.73343864409953,4,14280,5.25561742169314,5
"1277",6153,2.14679215770161,2,14290,3.47554863675032,3
"1278",6156,NA,NA,14298,NA,NA
"1279",6159,4.16688493014934,4,14308,4.6327761737724,5
"1280",6162,NA,NA,14313,3.8333884166812,4
"1281",6184,2.39864030277461,2,14316,3.77924668211164,4
"1282",6188,2.51322928740742,3,14319,NA,NA
"1283",6189,3.10717043329881,3,14322,NA,NA
"1284",6191,NA,NA,14323,NA,NA
"1285",6211,NA,NA,14325,4.99000256081173,5
"1286",6216,3.40642291736753,3,14337,4.29114764731978,4
"1287",6218,NA,NA,14339,4.35054580471558,4
"1288",6222,NA,NA,14341,2.72715432106746,3
"1289",6235,3.25077627700345,3,14342,4.62075604704931,5
"1290",6245,NA,NA,14346,6.04082730308104,6
"1291",6248,3.41163908629767,3,14351,3.32478184987362,3
"1292",6253,3.22948285653602,3,14354,NA,NA
"1293",6256,NA,NA,14355,NA,NA
"1294",6257,3.59830044660346,4,14358,5.34143180143413,5
"1295",6259,NA,NA,14359,NA,NA
"1296",6266,4.1739236881609,4,14364,3.52456302251123,4
"1297",6268,NA,NA,14374,NA,NA
"1298",6275,NA,NA,14376,NA,NA
"1299",6280,2.84410085589368,3,14382,2.46708850492883,2
"1300",6283,NA,NA,14384,2.76275773763316,3
"1301",6288,NA,NA,14393,NA,NA
"1302",6289,2.0686001577842,2,14398,2.83205540573008,3
"1303",6301,4.19256255854182,4,14403,4.58569256607517,5
"1304",6308,3.5602525260142,4,14406,NA,NA
"1305",6314,NA,NA,14408,NA,NA
"1306",6315,NA,NA,14411,NA,NA
"1307",6316,3.65624111860427,4,14414,4.18669766379733,4
"1308",6317,NA,NA,14418,NA,NA
"1309",6318,3.65907790260155,4,14423,NA,NA
"1310",6323,4.22000308005867,4,14442,4.4151463643784,4
"1311",6329,NA,NA,14443,3.60245500631678,4
"1312",6336,NA,NA,14444,3.0966712945257,3
"1313",6341,4.30840393599245,4,14446,NA,NA
"1314",6348,4.05594282828222,4,14455,2.80563005579146,3
"1315",6349,NA,NA,14456,5.17762228173806,5
"1316",6365,NA,NA,14458,3.43267556049354,3
"1317",6372,3.08056445139628,3,14464,NA,NA
"1318",6376,NA,NA,14466,4.60269147732337,5
"1319",6378,NA,NA,14467,2.57804479373206,3
"1320",6379,NA,NA,14469,3.9008639920465,4
"1321",6382,NA,NA,14483,NA,NA
"1322",6383,NA,NA,14484,2.73099455524522,3
"1323",6389,4.75070196541101,5,14490,2.54386181106505,3
"1324",6390,NA,NA,14491,2.50479925000047,3
"1325",6392,5.12675589066422,5,14494,2.89998605861926,3
"1326",6394,NA,NA,14496,3.79463065830957,4
"1327",6402,NA,NA,14503,NA,NA
"1328",6404,3.57787897874683,4,14504,2.48005135920091,2
"1329",6405,2.40680882587465,2,14505,3.16247996615049,3
"1330",6406,NA,NA,14506,NA,NA
"1331",6409,NA,NA,14507,NA,NA
"1332",6410,4.8212574911651,5,14512,NA,NA
"1333",6411,3.70346078511283,4,14520,4.16431172721954,4
"1334",6421,4.39741253962064,4,14527,1.81206753590677,2
"1335",6428,6.1171381939942,6,14531,4.7077709931196,5
"1336",6429,2.19561210662053,2,14532,NA,NA
"1337",6432,4.3564572861974,4,14535,2.05665881852051,2
"1338",6436,NA,NA,14543,NA,NA
"1339",6437,3.79749367319077,4,14554,NA,NA
"1340",6438,NA,NA,14556,5.60045673145272,6
"1341",6445,2.70054523073805,3,14557,3.69654861485318,4
"1342",6447,NA,NA,14561,1.98234710303605,2
"1343",6450,3.67717375653391,4,14562,NA,NA
"1344",6462,3.90137087809479,4,14567,NA,NA
"1345",6467,3.67872709039086,4,14568,NA,NA
"1346",6478,3.54600140677643,4,14574,4.28588716412704,4
"1347",6484,3.95905541397983,4,14575,2.58336497624106,3
"1348",6492,3.81427984572977,4,14579,3.82571295017417,4
"1349",6497,NA,NA,14581,3.44582627929064,3
"1350",6504,2.94816694931371,3,14582,NA,NA
"1351",6505,NA,NA,14586,NA,NA
"1352",6513,3.07381697236016,3,14591,2.3297404848123,2
"1353",6525,5.65116044482705,6,14598,2.77238761168556,3
"1354",6526,NA,NA,14599,NA,NA
"1355",6528,2.61356349434149,3,14600,NA,NA
"1356",6540,NA,NA,14612,5.51912228732661,6
"1357",6542,NA,NA,14613,NA,NA
"1358",6544,5.06765695174697,5,14624,4.54918729920966,5
"1359",6548,3.68675954126255,4,14626,2.51145910833397,3
"1360",6552,NA,NA,14630,4.77723217430927,5
"1361",6558,3.42563225404555,3,14633,2.42507239242794,2
"1362",6567,3.18641063630426,3,14639,NA,NA
"1363",6569,4.69320090228108,5,14642,NA,NA
"1364",6572,5.76520426235977,6,14643,5.26768982134896,5
"1365",6577,5.21571519868511,5,14649,2.49293885576516,2
"1366",6581,3.3967294711015,3,14650,NA,NA
"1367",6588,3.02094914495328,3,14653,2.25434649312303,2
"1368",6591,NA,NA,14655,1.97239204669935,2
"1369",6594,2.33454038745798,2,14656,2.17766214028193,2
"1370",6600,5.09786401470589,5,14662,NA,NA
"1371",6602,NA,NA,14663,NA,NA
"1372",6604,2.43843628799485,2,14673,2.5194202966298,3
"1373",6605,3.42337131342315,3,14674,2.22064719140483,2
"1374",6614,NA,NA,14676,3.58642088980784,4
"1375",6616,NA,NA,14682,NA,NA
"1376",6621,NA,NA,14685,5.63623251943842,6
"1377",6640,5.23451743142254,5,14689,2.43936356427501,2
"1378",6641,NA,NA,14693,NA,NA
"1379",6643,2.21380659296255,2,14697,2.51045000500238,3
"1380",6644,NA,NA,14700,2.93688346272102,3
"1381",6649,2.23390156353666,2,14704,NA,NA
"1382",6650,NA,NA,14710,3.50171295153377,4
"1383",6655,6.03050575169588,6,14719,2.86739653623792,3
"1384",6661,1.51878899580681,2,14724,4.34117514889868,4
"1385",6672,5.67421614597687,6,14728,4.57216628155635,5
"1386",6677,NA,NA,14735,NA,NA
"1387",6688,2.07873924246865,2,14736,NA,NA
"1388",6689,NA,NA,14741,NA,NA
"1389",6691,NA,NA,14744,1.69076363300855,2
"1390",6692,4.29962249140289,4,14753,NA,NA
"1391",6694,3.96269963625316,4,14756,4.57372121258951,5
"1392",6702,NA,NA,14762,4.92042729576715,5
"1393",6714,NA,NA,14765,5.36452231060684,5
"1394",6716,4.89398788144909,5,14783,5.7933840352599,6
"1395",6724,3.34684754292109,3,14784,2.15514362809372,2
"1396",6725,NA,NA,14786,NA,NA
"1397",6730,3.32714666087619,3,14790,1.15587884266668,1
"1398",6735,2.67096797951707,3,14793,3.11155732178948,3
"1399",6738,2.76744207590986,3,14796,6.23651133642494,6
"1400",6739,2.92325236558767,3,14801,NA,NA
"1401",6743,3.60497342930717,4,14807,NA,NA
"1402",6747,2.46121516630905,2,14812,4.00096941405207,4
"1403",6750,6.53040771664996,7,14815,5.0861080513724,5
"1404",6751,NA,NA,14831,4.61058024530663,5
"1405",6753,4.59692162460309,5,14833,5.93021173040768,6
"1406",6754,3.08078839615857,3,14836,6.1921176445263,6
"1407",6755,NA,NA,14856,4.69928017390058,5
"1408",6762,3.38510817048597,3,14859,NA,NA
"1409",6764,3.42018871839548,3,14861,3.06012991462441,3
"1410",6772,NA,NA,14863,NA,NA
"1411",6774,NA,NA,14865,NA,NA
"1412",6787,2.93058360005512,3,14880,NA,NA
"1413",6789,2.95340577502605,3,14881,3.85932016258994,4
"1414",6793,4.60935430263104,5,14883,NA,NA
"1415",6798,NA,NA,14884,NA,NA
"1416",6799,NA,NA,14894,3.72995539310392,4
"1417",6800,4.02053146770014,4,14896,4.42396947328336,4
"1418",6802,NA,NA,14899,3.38247202071166,3
"1419",6808,NA,NA,14900,3.51073551346271,4
"1420",6809,4.00691577227569,4,14901,NA,NA
"1421",6812,NA,NA,14906,3.72138995750825,4
"1422",6814,NA,NA,14907,NA,NA
"1423",6816,2.349876517965,2,14915,4.86107741862681,5
"1424",6822,NA,NA,14919,NA,NA
"1425",6829,NA,NA,14926,5.78438608794455,6
"1426",6834,2.37189009639727,2,14927,2.12402247682425,2
"1427",6836,5.06691878887672,5,14933,3.21580831697232,3
"1428",6839,NA,NA,14937,3.08347165692231,3
"1429",6840,NA,NA,14939,NA,NA
"1430",6843,NA,NA,14940,NA,NA
"1431",6846,1.74098266033815,2,14943,NA,NA
"1432",6848,NA,NA,14953,3.33068141519722,3
"1433",6852,NA,NA,14954,2.29659377263734,2
"1434",6856,5.76609079756854,6,14969,3.31186550428629,3
"1435",6860,4.07776742954469,4,14999,NA,NA
"1436",6866,4.88671775395364,5,15008,3.62001587837775,4
"1437",6870,4.41435722145093,4,15009,NA,NA
"1438",6878,NA,NA,15018,3.95148761427031,4
"1439",6880,4.94073169309069,5,15023,3.63510275604292,4
"1440",6885,NA,NA,15025,NA,NA
"1441",6897,4.65689853474136,5,15034,NA,NA
"1442",6902,4.38909005600073,4,15036,4.54649811447238,5
"1443",6904,4.62348124380746,5,15051,NA,NA
"1444",6907,4.4384801168234,4,15052,3.29335359586792,3
"1445",6909,NA,NA,15064,3.27456579367904,3
"1446",6914,1.86764852298617,2,15070,3.20770566342042,3
"1447",6915,4.27656050355277,4,15074,3.84310960888065,4
"1448",6922,NA,NA,15077,4.18946828003316,4
"1449",6924,1.97288327431969,2,15081,3.58628774906483,4
"1450",6933,2.91593523413249,3,15086,5.98163126370265,6
"1451",6934,4.0961454189541,4,15093,NA,NA
"1452",6941,3.89099401591445,4,15094,NA,NA
"1453",6957,NA,NA,15103,2.06116449361293,2
"1454",6960,NA,NA,15104,NA,NA
"1455",6969,NA,NA,15110,NA,NA
"1456",6975,2.33014842282255,2,15112,1.8441895778591,2
"1457",6980,NA,NA,15115,NA,NA
"1458",6983,NA,NA,15131,NA,NA
"1459",6987,2.83500485068536,3,15139,3.62383496251188,4
"1460",6994,2.55161471910644,3,15141,3.00025666858115,3
"1461",6997,4.31330038032627,4,15148,NA,NA
"1462",7002,3.08757637742905,3,15154,NA,NA
"1463",7010,2.12264254436088,2,15156,3.26044188313147,3
"1464",7015,NA,NA,15161,1.78706423300178,2
"1465",7019,NA,NA,15167,2.83433461415407,3
"1466",7022,NA,NA,15178,NA,NA
"1467",7025,2.2248632989836,2,15205,4.87040410239093,5
"1468",7029,3.81065527873398,4,15207,NA,NA
"1469",7031,2.36371323494043,2,15222,3.31553773932795,3
"1470",7037,NA,NA,15223,4.78936876606924,5
"1471",7038,3.39126475769977,3,15225,4.33664800637889,4
"1472",7043,NA,NA,15228,NA,NA
"1473",7049,3.13372302465632,3,15239,NA,NA
"1474",7052,3.00398147010847,3,15241,NA,NA
"1475",7053,4.7556463599103,5,15246,NA,NA
"1476",7056,3.28585710427708,3,15247,NA,NA
"1477",7057,4.7320805687326,5,15249,2.8782708126153,3
"1478",7080,NA,NA,15255,NA,NA
"1479",7086,NA,NA,15257,NA,NA
"1480",7087,3.22028914730743,3,15267,NA,NA
"1481",7105,NA,NA,15277,3.05255184662228,3
"1482",7108,NA,NA,15280,4.8796027529904,5
"1483",7121,NA,NA,15289,NA,NA
"1484",7122,1.98459701584752,2,15297,NA,NA
"1485",7125,NA,NA,15302,NA,NA
"1486",7132,3.11222266899806,3,15304,NA,NA
"1487",7134,3.19482691189527,3,15312,NA,NA
"1488",7151,NA,NA,15321,NA,NA
"1489",7152,4.13535756254908,4,15325,NA,NA
"1490",7157,2.81406824150556,3,15326,4.11612579121628,4
"1491",7159,NA,NA,15333,NA,NA
"1492",7166,NA,NA,15337,NA,NA
"1493",7167,NA,NA,15338,3.45783912805546,3
"1494",7177,2.82012427977564,3,15340,4.22315344413,4
"1495",7179,NA,NA,15342,NA,NA
"1496",7181,NA,NA,15344,3.42738014122242,3
"1497",7183,4.22687522803979,4,15347,NA,NA
"1498",7186,3.9134089195242,4,15349,NA,NA
"1499",7193,5.08913344344754,5,15355,2.85542233508305,3
"1500",7205,NA,NA,15359,NA,NA
"1501",7207,NA,NA,15366,NA,NA
"1502",7209,3.9759144593339,4,15367,NA,NA
"1503",7216,NA,NA,15368,NA,NA
"1504",7232,NA,NA,15369,NA,NA
"1505",7235,NA,NA,15380,3.65038204451236,4
"1506",7238,2.27037446204974,2,15381,3.25500990708323,3
"1507",7240,2.1696351580616,2,15387,NA,NA
"1508",7243,NA,NA,15388,2.70360065115391,3
"1509",7252,2.23218503861006,2,15389,NA,NA
"1510",7269,2.25271751901689,2,15392,NA,NA
"1511",7275,NA,NA,15400,2.97306206625413,3
"1512",7281,NA,NA,15405,2.90996828187639,3
"1513",7283,NA,NA,15407,3.34320786729609,3
"1514",7287,5.54078748662988,6,15408,6.255344208704,6
"1515",7289,5.19350174726873,5,15411,2.66827445249843,3
"1516",7291,NA,NA,15413,4.50097277626906,5
"1517",7294,NA,NA,15418,5.59886948860167,6
"1518",7304,5.32510058611716,5,15419,4.85574238994935,5
"1519",7308,3.54654771728648,4,15421,2.56774379530502,3
"1520",7313,3.05807261821504,3,15425,2.59846754783534,3
"1521",7319,NA,NA,15436,3.66808756171199,4
"1522",7325,NA,NA,15438,4.22289804254969,4
"1523",7326,2.3814755294869,2,15440,4.2677982908617,4
"1524",7330,5.07519293407263,5,15443,3.7672495697952,4
"1525",7332,3.85017136680372,4,15460,2.31105261060407,2
"1526",7337,NA,NA,15464,NA,NA
"1527",7341,NA,NA,15465,2.94005704913571,3
"1528",7346,4.11554784271941,4,15473,NA,NA
"1529",7353,NA,NA,15475,2.69656461280417,3
"1530",7354,4.46821348392036,4,15483,NA,NA
"1531",7361,NA,NA,15494,5.56173436783893,6
"1532",7366,NA,NA,15495,NA,NA
"1533",7368,5.13061882114174,5,15498,4.24545240145117,4
"1534",7372,3.97821385680169,4,15499,2.56677326129628,3
"1535",7375,3.02738595337936,3,15500,NA,NA
"1536",7377,5.35308096514398,5,15501,NA,NA
"1537",7380,NA,NA,15510,1.82213950311782,2
"1538",7382,NA,NA,15512,2.14880640934731,2
"1539",7385,2.49406237116678,2,15516,2.43391770722042,2
"1540",7392,2.21956648566338,2,15518,NA,NA
"1541",7395,3.89957082567884,4,15519,3.500680358059,4
"1542",7397,3.79184077899618,4,15524,2.98852232888983,3
"1543",7403,3.97052086352187,4,15527,NA,NA
"1544",7406,NA,NA,15529,NA,NA
"1545",7409,NA,NA,15530,NA,NA
"1546",7410,3.66885036699725,4,15538,NA,NA
"1547",7412,3.75785316265833,4,15539,2.63682108704375,3
"1548",7419,3.10651402260091,3,15541,NA,NA
"1549",7425,3.40349671469759,3,15546,NA,NA
"1550",7435,6.47264024560588,6,15547,NA,NA
"1551",7438,3.72185402506617,4,15548,NA,NA
"1552",7440,3.76482512806021,4,15552,1.63849294761092,2
"1553",7447,NA,NA,15556,4.81878513835517,5
"1554",7449,NA,NA,15567,NA,NA
"1555",7456,4.46401174346604,4,15572,2.13293202510724,2
"1556",7464,NA,NA,15573,3.80133488596543,4
"1557",7478,NA,NA,15574,3.27328415358664,3
"1558",7480,NA,NA,15577,NA,NA
"1559",7481,5.25479128329902,5,15579,3.43197761997136,3
"1560",7483,3.13422685013442,3,15581,2.30871133224363,2
"1561",7484,NA,NA,15589,NA,NA
"1562",7491,4.25768014418631,4,15596,2.04164030484536,2
"1563",7494,1.87986038174432,2,15598,4.63655640303256,5
"1564",7501,NA,NA,15599,4.47043820219769,4
"1565",7503,NA,NA,15605,5.25229211599613,5
"1566",7509,2.03435752620449,2,15606,4.89506918478748,5
"1567",7517,NA,NA,15608,3.87628774768477,4
"1568",7518,6.09053643325401,6,15616,4.09982520955595,4
"1569",7519,1.75026640489736,2,15618,NA,NA
"1570",7521,NA,NA,15621,NA,NA
"1571",7522,NA,NA,15626,NA,NA
"1572",7536,3.72464398049035,4,15638,2.53505352281708,3
"1573",7539,NA,NA,15639,NA,NA
"1574",7547,5.37598085846672,5,15642,1.97114988837726,2
"1575",7549,2.91280684621452,3,15644,NA,NA
"1576",7552,NA,NA,15646,NA,NA
"1577",7554,NA,NA,15649,3.78080854930297,4
"1578",7556,3.14862554817502,3,15656,NA,NA
"1579",7564,NA,NA,15659,NA,NA
"1580",7566,NA,NA,15680,NA,NA
"1581",7570,4.73611935237516,5,15686,4.61287185080179,5
"1582",7571,2.91338010712383,3,15693,NA,NA
"1583",7572,3.56322956925033,4,15697,4.82151358521671,5
"1584",7575,1.85816545611964,2,15699,5.92836856193054,6
"1585",7586,2.78686788577766,3,15701,4.19865643280515,4
"1586",7589,4.92702199513094,5,15705,NA,NA
"1587",7590,2.54369399753835,3,15714,2.29621337331137,2
"1588",7597,3.62176080560635,4,15722,4.66941162303315,5
"1589",7602,3.81722260186238,4,15728,NA,NA
"1590",7604,4.50375374743415,5,15734,3.35938158648076,3
"1591",7605,2.64294374530133,3,15752,1.62116288619632,2
"1592",7612,1.89445762549478,2,15756,3.77325959410578,4
"1593",7615,4.44312041494152,4,15760,3.83470774517649,4
"1594",7617,NA,NA,15762,4.44831640168151,4
"1595",7624,3.40574506762502,3,15767,4.43168688989574,4
"1596",7632,4.66007709765797,5,15768,NA,NA
"1597",7639,3.48803743077726,3,15773,NA,NA
"1598",7642,2.88937048852616,3,15774,NA,NA
"1599",7643,3.22998560332358,3,15781,NA,NA
"1600",7649,3.26473938305331,3,15782,2.60457053591953,3
"1601",7650,NA,NA,15784,6.78555945593027,7
"1602",7653,3.89331024151121,4,15791,NA,NA
"1603",7654,NA,NA,15796,4.12318042072275,4
"1604",7657,5.13835094988263,5,15798,4.95028016474245,5
"1605",7662,NA,NA,15806,NA,NA
"1606",7669,3.76681072847946,4,15814,NA,NA
"1607",7671,2.39944707083585,2,15819,2.79965679699821,3
"1608",7675,NA,NA,15825,3.60834631926588,4
"1609",7678,4.69076443134915,5,15826,3.97010080273239,4
"1610",7682,NA,NA,15831,NA,NA
"1611",7688,NA,NA,15835,6.02038520620196,6
"1612",7689,NA,NA,15836,NA,NA
"1613",7690,4.74688648328253,5,15839,5.60954153066658,6
"1614",7692,2.23367964198154,2,15845,2.89571049385736,3
"1615",7699,NA,NA,15858,NA,NA
"1616",7705,3.42071904507377,3,15859,3.66244936328201,4
"1617",7712,NA,NA,15876,4.05916299280933,4
"1618",7726,4.01970769124097,4,15878,NA,NA
"1619",7728,NA,NA,15880,NA,NA
"1620",7735,3.12698315145671,3,15886,NA,NA
"1621",7737,2.24750668756544,2,15888,NA,NA
"1622",7739,3.34606909007532,3,15891,3.13087278148371,3
"1623",7743,NA,NA,15900,NA,NA
"1624",7744,NA,NA,15902,4.35396362885949,4
"1625",7746,2.10815333675147,2,15904,2.46744411152494,2
"1626",7749,NA,NA,15908,NA,NA
"1627",7750,3.99946880399439,4,15910,NA,NA
"1628",7752,3.78486119723352,4,15917,3.45935616733822,3
"1629",7755,4.91795548951799,5,15919,4.88298040797464,5
"1630",7756,NA,NA,15924,2.71683722381958,3
"1631",7762,NA,NA,15927,2.64958781135354,3
"1632",7764,NA,NA,15937,NA,NA
"1633",7769,2.22743322342048,2,15946,3.50560244096163,4
"1634",7770,2.046267479885,2,15949,3.1039539196441,3
"1635",7776,5.05487892637984,5,15957,4.06120361461732,4
"1636",7778,5.20499549155927,5,15961,4.40244384721374,4
"1637",7784,2.28335506115482,2,15964,NA,NA
"1638",7786,NA,NA,15965,3.54143522369688,4
"1639",7789,3.54456442599533,4,15966,NA,NA
"1640",7793,3.63865426414387,4,15978,NA,NA
"1641",7794,NA,NA,15983,NA,NA
"1642",7804,NA,NA,15987,NA,NA
"1643",7811,NA,NA,15988,2.46518892695019,2
"1644",7813,2.6196969487847,3,15998,2.47108640804429,2
"1645",7815,2.57350424609645,3,16004,2.97590386761417,3
"1646",7817,NA,NA,16008,4.22839183712036,4
"1647",7818,NA,NA,16011,NA,NA
"1648",7821,6.06230296872456,6,16023,2.67454897252885,3
"1649",7825,4.53761918959677,5,16024,NA,NA
"1650",7830,5.15197682141075,5,16025,2.41676692217949,2
"1651",7832,NA,NA,16048,NA,NA
"1652",7835,NA,NA,16050,NA,NA
"1653",7839,5.57159691452831,6,16051,NA,NA
"1654",7842,5.14138533545947,5,16057,NA,NA
"1655",7849,4.6275600349238,5,16059,4.91338567698658,5
"1656",7856,NA,NA,16060,3.23501598054926,3
"1657",7857,2.43245318154589,2,16075,4.8576905850616,5
"1658",7863,3.9290778529614,4,16094,5.14874620507627,5
"1659",7866,4.83890959337332,5,16096,4.78844219283774,5
"1660",7871,3.41882663339391,3,16116,NA,NA
"1661",7875,NA,NA,16118,NA,NA
"1662",7882,1.86205624358729,2,16121,2.91019772578915,3
"1663",7887,NA,NA,16122,3.53534664942627,4
"1664",7888,4.51477364917002,5,16124,5.79348855010028,6
"1665",7891,1.68746283175981,2,16125,3.65505272902325,4
"1666",7895,NA,NA,16126,NA,NA
"1667",7901,NA,NA,16130,4.57955785085976,5
"1668",7906,2.25705010214472,NA,NA,NA,NA
